docx_math/【公众号：鸡娃饲料】【精品】四年级英语2018春季开学测A卷（原卷）∣人教PEP（2014秋）.docx,37.docx
docx_math/【公众号：鸡娃饲料】【精品】四年级英语2018春季开学测A卷（原卷）∣译林版（三起）.docx,38.docx
docx_math/【公众号：鸡娃饲料】【精品】四年级英语2018春季开学测B卷（原卷）∣外研社（三起）.docx,39.docx
docx_math/【公众号：鸡娃饲料】四年级试题.docx,74.docx
docx_math/【公众号：鸡娃饲料】五年级试题.docx,95.docx
docx_math/【公众号：鸡娃饲料】五年级下册数学试题-小学数学五年级综合题竞赛-全国通用版.docx,96.docx
docx_math/【公众号：鸡娃饲料】小学数学奥数测试题-工程问题_2015人教版.docx,100.docx
docx_math/【公众号：鸡娃饲料】小学数学奥数测试题-年龄问题_2015人教版.docx,101.docx
docx_math/【公众号：鸡娃饲料】小学数学奥数测试题-牛吃草问题_2015人教版.docx,102.docx
docx_math/【全国百强校】河北省衡水中学2016届高三高考模拟押题卷数学（理）试题（金卷一）.docx,111.docx
docx_math/【全国百强校】河北省衡水中学2016届高三上学期二调数学（理）试题.docx,112.docx
docx_math/【全国百强校】河北省衡水中学2016届高三上学期七调考试数学（理）试题.docx,113.docx
docx_math/【全国百强校】河北省衡水中学2016届高三数学三轮复习（理科）系列三之鹰隼试翼（六）.docx,114.docx
docx_math/【全国百强校】河北省衡水中学2017届高三摸底联考（全国卷）数学（理）试题.docx,115.docx
docx_math/【全国百强校】河北省衡水中学2017届高三上学期小二调考试数学（理）试题.docx,116.docx
docx_math/【全国百强校】河北省衡水中学2017届高三下学期第二次摸底考试数学（理）试题.docx,117.docx
docx_math/【全国百强校】河北省衡水中学2017届高三下学期二调考试数学（理）试题.docx,118.docx
docx_math/【全国百强校】河北省衡水中学2017届高三下学期六调数学（理）试题.docx,119.docx
docx_math/【全国百强校】河北省衡水中学2018届高三第十次模拟考试理数试题.docx,120.docx
docx_math/【全国百强校】河北省衡水中学2018届高三考前适应性训练（5月31日第2天）数学（理）试题（扫描版）.docx,121.docx
docx_math/【全国百强校】河北省衡水中学2018届高三考前适应性训练6月1日第3天数学（理）试题（图片版）.docx,122.docx
docx_math/【全国百强校】河北省衡水中学2018届高三上学期第六调考试数学（理）试题.docx,123.docx
docx_math/【全国百强校】河北省衡水中学2018届高三上学期九模考试理数试题.docx,124.docx
docx_math/【全国百强校】河北省衡水中学2018届高三上学期五调考试数学（理）试题.docx,125.docx
docx_math/【全国百强校】河北省衡水中学2018届高三十五模数学（理）试题（扫描版）赠送.docx,126.docx
docx_math/【全国百强校word】河北省衡水中学2016届高三下学期猜题卷数学（理）.docx,129.docx
docx_math/【全国百强校word】河北省衡水中学2016届高三下学期二模考试理数试题.docx,130.docx
docx_math/【全国百强校word】河北省衡水中学2016届高三下学期六调考试（A卷）数学（理）试题.docx,131.docx
docx_math/【全国百强校word】河北省衡水中学2016届高三下学期五调考试数学（理）试题.docx,132.docx
docx_math/【全国百强校word】河北省衡水中学2017届高三高考猜题卷（一）理数试题.docx,133.docx
docx_math/【全国百强校word】河北省衡水中学2017届高三上学期第二次调研考试理数试题.docx,134.docx
docx_math/【全国百强校word】河北省衡水中学2017届高三上学期第三次调研考理数试题.docx,135.docx
docx_math/【全国百强校word】河北省衡水中学2017届高三上学期四调考试理数试题.docx,136.docx
docx_math/【全国百强校word】河北省衡水中学2017届高三上学期五调（12月）理数试题.docx,137.docx
docx_math/【全国百强校word】河北省衡水中学2017届高三上学期一调考试理数试题.docx,138.docx
docx_math/【全国百强校word】河北省衡水中学2017届高三下学期第三次摸底考试理数试题.docx,139.docx
docx_math/【全国百强校word】河北省衡水中学2017届高三下学期第四周周测理数试题.docx,140.docx
docx_math/【全国百强校word】河北省衡水中学2017届高三下学期三调考试数学（理）试题.docx,141.docx
docx_math/【全国百强校word】河北省衡水中学2017届高三押题卷（I）理数试题.docx,142.docx
docx_math/【全国百强校Word】河北省衡水中学2018届高三9月大联考理数试题.docx,143.docx
docx_math/【全国百强校word】河北省衡水中学2018届高三第十六次模拟考试理数试题.docx,144.docx
docx_math/【全国百强校word】河北省衡水中学2018届高三第十七次模拟考试理数试题.docx,145.docx
docx_math/【全国百强校word】河北省衡水中学2018届高三高考押题(二）理数试题.docx,146.docx
docx_math/【全国百强校word】河北省衡水中学2018届高三考前适应性训练6月1日第3天数学（理）试题.docx,147.docx
docx_math/【全国百强校Word】河北省衡水中学2018届高三上学期二调考试理数试题.docx,148.docx
docx_math/【全国百强校word】河北省衡水中学2018届高三上学期七调考试理数试题.docx,149.docx
docx_math/【全国百强校word】河北省衡水中学2018届高三下学期第7周周考理数试题.docx,150.docx
docx_math/【全国百强校首发】河北省衡水中学2016届高三上学期四调考试理数试题.docx,151.docx
docx_math/【全国百强校首发】河北省衡水中学2016届高三下学期二调考试数学（理）试题.docx,152.docx
docx_math/【全国百强校首发】河北省衡水中学2016届高三下学期同步原创月考卷数学（理）试题.docx,153.docx
docx_math/【全国百强校首发】河北省衡水中学2016届高三下学期一调考试（理）数学试题.docx,154.docx
docx_math/【全国百强校首发】河北省衡水中学2016届高三下学期一模考试数学（理）试题.docx,155.docx
docx_math/06高考数学江苏卷.docx,169.docx
docx_math/1952年试1.docx,173.docx
docx_math/1953年试题.docx,174.docx
docx_math/1954年试题.docx,175.docx
docx_math/1955年试题.docx,176.docx
docx_math/1956年试题.docx,177.docx
docx_math/1959年试题.docx,179.docx
docx_math/1961年试题.docx,180.docx
docx_math/1962年试题.docx,181.docx
docx_math/1963年试题.docx,182.docx
docx_math/1964年试题.docx,183.docx
docx_math/1965年试题.docx,184.docx
docx_math/1966年试题.docx,185.docx
docx_math/1978年试题.docx,186.docx
docx_math/1979年试题.docx,187.docx
docx_math/1980年试题.docx,188.docx
docx_math/1981年试题.docx,189.docx
docx_math/1982年试题.docx,190.docx
docx_math/1983年试题.docx,191.docx
docx_math/1984年试题.docx,192.docx
docx_math/1985年试题.docx,193.docx
docx_math/1986年试题.docx,194.docx
docx_math/1987年试题.docx,195.docx
docx_math/1988年试题.docx,196.docx
docx_math/1989年试题.docx,197.docx
docx_math/1990年试题.docx,198.docx
docx_math/1991年试题.docx,199.docx
docx_math/1992年试题.docx,200.docx
docx_math/1993年试题.docx,201.docx
docx_math/1994年试题.docx,202.docx
docx_math/1995年试题.docx,203.docx
docx_math/1996年试题.docx,204.docx
docx_math/1997年试题.docx,205.docx
docx_math/1998年试题.docx,206.docx
docx_math/2000年普通高等学校招生全国统一考试（广东卷）数学试题.docx,210.docx
docx_math/2000年全国普通高等学校招生统一考试（上海卷）数学试题（文科类）.docx,211.docx
docx_math/2000年全国普通主等学校招生统一考试（上海卷）数学试题（理科类）.docx,212.docx
docx_math/2003年春季高考（北京）数学（理）试题.docx,218.docx
docx_math/2003全国高考数学卷文.docx,219.docx
docx_math/2005年广东高考数学试题（A卷）.docx,288.docx
docx_math/2005年普等学校招生全国统试一考试（天津卷）.docx,290.docx
docx_math/2005年普通高等学校招生全国统一考试理科数学（必修+选修Ⅱ）.docx,291.docx
docx_math/2005年普通高等学校招生全国统一考试数学（江苏卷）（word版）.docx,292.docx
docx_math/2005年普通高等学校招生全国统一考试文科数学（必修+选修Ⅰ）.docx,293.docx
docx_math/2006高考数学全国2卷word版（黑龙江.云南等）.docx,296.docx
docx_math/2006高考数学陕西理科卷word版.docx,297.docx
docx_math/2006高考数学陕西文科卷word版.docx,298.docx
docx_math/2006高考数学试题（湖北理）.docx,299.docx
docx_math/2006年高考数学（湖北理科卷）word版.docx,300.docx
docx_math/2006年高考数学试卷（广东卷）.docx,301.docx
docx_math/2006年高考数学试题全国II卷文科.docx,302.docx
docx_math/2006年普通高等学校招生全国统一考试（安徽卷.理）word版.docx,305.docx
docx_math/2006年普通高等学校招生全国统一考试（湖北卷.理）.docx,311.docx
docx_math/2006年普通高等学校招生全国统一考试（湖北卷.理）word版.docx,312.docx
docx_math/2006年普通高等学校招生全国统一考试（湖北卷.文）.docx,313.docx
docx_math/2006年普通高等学校招生全国统一考试（湖南卷.理）.docx,314.docx
docx_math/2006年普通高等学校招生全国统一考试（江苏卷）.docx,316.docx
docx_math/2006年普通高等学校招生全国统一考试（江西卷.理）.docx,317.docx
docx_math/2006年普通高等学校招生全国统一考试（江西卷.文）.docx,318.docx
docx_math/2006年普通高等学校招生全国统一考试（辽宁卷.理）.docx,319.docx
docx_math/2006年普通高等学校招生全国统一考试（辽宁卷.文）.docx,320.docx
docx_math/2006年普通高等学校招生全国统一考试（全国Ⅰ.理）.docx,321.docx
docx_math/2006年普通高等学校招生全国统一考试（全国Ⅰ.文）.docx,322.docx
docx_math/2006年普通高等学校招生全国统一考试（全国Ⅱ.理）.docx,323.docx
docx_math/2006年普通高等学校招生全国统一考试（全国Ⅱ.文）.docx,324.docx
docx_math/2006年普通高等学校招生全国统一考试（全国Ⅲ.文）word版.docx,325.docx
docx_math/2006年普通高等学校招生全国统一考试（山东卷.理）.docx,326.docx
docx_math/2006年普通高等学校招生全国统一考试（山东卷.文）.docx,327.docx
docx_math/2006年普通高等学校招生全国统一考试（四川卷.理）.docx,331.docx
docx_math/2006年普通高等学校招生全国统一考试（四川卷.文）.docx,332.docx
docx_math/2006年普通高等学校招生全国统一考试（天津卷）数学（理工类）.docx,334.docx
docx_math/2006年普通高等学校招生全国统一考试（天津卷）数学理.docx,335.docx
docx_math/2006年普通高等学校招生全国统一考试（天津卷.理）.docx,336.docx
docx_math/2006年普通高等学校招生全国统一考试（天津卷.文）.docx,337.docx
docx_math/2006年普通高等学校招生全国统一考试（浙江卷.理）.docx,338.docx
docx_math/2006年普通高等学校招生全国统一考试（浙江卷.理）3.docx,339.docx
docx_math/2006年普通高等学校招生全国统一考试（浙江卷.文）.docx,340.docx
docx_math/2006年普通高等学校招生全国统一考试（重庆卷.文）.docx,342.docx
docx_math/2006年普通高等学校招生全国统一考试（重庆卷.文）4.docx,343.docx
docx_math/2006年普通高等学校招生全国统一考试（重庆卷理）.docx,344.docx
docx_math/2007年高考试题——数学理（海南卷）.docx,348.docx
docx_math/2007年高考试题——数学理（湖南卷）.docx,349.docx
docx_math/2007年高考试题——数学理（江西卷）.docx,350.docx
docx_math/2007年高考试题——数学文（海南卷）.docx,351.docx
docx_math/2007年高考试题——数学文（江西卷）.docx,352.docx
docx_math/2007年高考试题——数学文（山西卷）.docx,353.docx
docx_math/2007年普通高等学校招生全国统一考试（安徽卷）数学（理科）.docx,363.docx
docx_math/2007年普通高等学校招生全国统一考试（安徽卷）数学（文科）.docx,364.docx
docx_math/2007年普通高等学校招生全国统一考试（北京卷）理科综合.docx,367.docx
docx_math/2007年普通高等学校招生全国统一考试（北京卷）数学（理工农医类）.docx,369.docx
docx_math/2007年普通高等学校招生全国统一考试（北京卷）数学（文史类）.docx,371.docx
docx_math/2007年普通高等学校招生全国统一考试（北京卷）文科综合.docx,373.docx
docx_math/2007年普通高等学校招生全国统一考试（福建卷）数学（理科）试卷.docx,375.docx
docx_math/2007年普通高等学校招生全国统一考试（福建卷）数学（文科）试卷.docx,377.docx
docx_math/2007年普通高等学校招生全国统一考试（广东卷）化学试卷.docx,379.docx
docx_math/2007年普通高等学校招生全国统一考试（广东卷）理科基础.docx,381.docx
docx_math/2007年普通高等学校招生全国统一考试（广东卷）数学（理科）.docx,383.docx
docx_math/2007年普通高等学校招生全国统一考试（广东卷）数学（文科）.docx,385.docx
docx_math/2007年普通高等学校招生全国统一考试（广东卷）文科基础.docx,387.docx
docx_math/2007年普通高等学校招生全国统一考试（海南卷）化学试卷.docx,389.docx
docx_math/2007年普通高等学校招生全国统一考试（湖北卷）数学（理工农医类）.docx,391.docx
docx_math/2007年普通高等学校招生全国统一考试（湖北卷）数学（文史卷）.docx,393.docx
docx_math/2007年普通高等学校招生全国统一考试（湖南卷）数学（文史类）试卷.docx,396.docx
docx_math/2007年普通高等学校招生全国统一考试（江苏卷）化学试卷.docx,398.docx
docx_math/2007年普通高等学校招生全国统一考试（江苏卷）数学.docx,400.docx
docx_math/2007年普通高等学校招生全国统一考试（江西卷）数学（理科）.docx,402.docx
docx_math/2007年普通高等学校招生全国统一考试（江西卷）数学（文科）.docx,404.docx
docx_math/2007年普通高等学校招生全国统一考试（辽宁卷）数学（供理科考生使用）.docx,406.docx
docx_math/2007年普通高等学校招生全国统一考试（宁夏卷）理科试卷.docx,408.docx
docx_math/2007年普通高等学校招生全国统一考试（宁夏卷）数学（理科）试卷.docx,411.docx
docx_math/2007年普通高等学校招生全国统一考试（宁夏卷）数学（文科）.docx,412.docx
docx_math/2007年普通高等学校招生全国统一考试（宁夏卷）文综试卷.docx,414.docx
docx_math/2007年普通高等学校招生全国统一考试（全国卷I）理综试卷.docx,416.docx
docx_math/2007年普通高等学校招生全国统一考试（全国卷I）数学（理科）试卷.docx,418.docx
docx_math/2007年普通高等学校招生全国统一考试（全国卷I）数学（文科）试卷.docx,420.docx
docx_math/2007年普通高等学校招生全国统一考试（全国卷I）文综试卷.docx,422.docx
docx_math/2007年普通高等学校招生全国统一考试（全国卷II）理综试卷.docx,424.docx
docx_math/2007年普通高等学校招生全国统一考试（全国卷II）数学（理科）试卷（必修+选修II）.docx,426.docx
docx_math/2007年普通高等学校招生全国统一考试（全国卷II）数学（文科）试卷（必修+选修I）.docx,428.docx
docx_math/2007年普通高等学校招生全国统一考试（全国卷II）文综试卷.docx,430.docx
docx_math/2007年普通高等学校招生全国统一考试（山东卷）理科综合.docx,433.docx
docx_math/2007年普通高等学校招生全国统一考试（山东卷）数学（理科）.docx,435.docx
docx_math/2007年普通高等学校招生全国统一考试（山东卷）数学（文科）.docx,437.docx
docx_math/2007年普通高等学校招生全国统一考试（山东卷）文综试卷.docx,439.docx
docx_math/2007年普通高等学校招生全国统一考试（陕西卷）数学（理科）试卷.docx,441.docx
docx_math/2007年普通高等学校招生全国统一考试（陕西卷）数学（文科）试卷.docx,443.docx
docx_math/2007年普通高等学校招生全国统一考试（上海卷）化学试卷.docx,445.docx
docx_math/2007年普通高等学校招生全国统一考试（上海卷）数学（理科）.docx,447.docx
docx_math/2007年普通高等学校招生全国统一考试（四川卷）理综试卷.docx,449.docx
docx_math/2007年普通高等学校招生全国统一考试（四川卷）数学（理科）试卷.docx,451.docx
docx_math/2007年普通高等学校招生全国统一考试（四川卷）数学（文科）试卷.docx,453.docx
docx_math/2007年普通高等学校招生全国统一考试（四川卷）文综试卷.docx,455.docx
docx_math/2007年普通高等学校招生全国统一考试（天津卷）理综试卷.docx,457.docx
docx_math/2007年普通高等学校招生全国统一考试（天津卷）数学（理工类）.docx,459.docx
docx_math/2007年普通高等学校招生全国统一考试（天津卷）数学（文史类）.docx,461.docx
docx_math/2007年普通高等学校招生全国统一考试（浙江卷）数学（理科）试卷.docx,464.docx
docx_math/2007年普通高等学校招生全国统一考试（浙江卷）数学（文科）试卷.docx,466.docx
docx_math/2007年普通高等学校招生全国统一考试（重庆卷）理综试卷.docx,468.docx
docx_math/2007年普通高等学校招生全国统一考试（重庆卷）数学（理科）试卷.docx,470.docx
docx_math/2007年普通高等学校招生全国统一考试（重庆卷）数学（文科）试卷.docx,472.docx
docx_math/2007年普通高等学校招生全国统一考试（重庆卷）文综试卷.docx,474.docx
docx_math/2007年普通高等学校招生全国统一考试北京卷（数学[1].文）.docx,476.docx
docx_math/2007年普通高等学校招生全国统一考试广东卷（数学[1].理）.docx,477.docx
docx_math/2007年普通高等学校招生全国统一考试湖北卷（数学[1].理）.docx,478.docx
docx_math/2007年普通高等学校招生全国统一考试辽宁卷（数学文）.docx,479.docx
docx_math/2007年普通高等学校招生全国统一考试宁夏海南卷（数学理）.docx,480.docx
docx_math/2007年普通高等学校招生全国统一考试宁夏卷数学文科[1]..docx,482.docx
docx_math/2007年普通高等学校招生全国统一考试山东卷（数学[1].理）.docx,483.docx
docx_math/2007年普通高等学校招生全国统一考试山东卷（数学文）.docx,484.docx
docx_math/2007年普通高等学校招生全国统一考试上海卷（数学理）.docx,487.docx
docx_math/2007年普通高等学校招生全国统一考试上海卷（数学文）.docx,488.docx
docx_math/2007年普通高等学校招生全国统一考试数学试卷（江苏卷）[1]..docx,492.docx
docx_math/2007年普通高等学校招生全国统一考试四川卷（数学[1].理）.docx,493.docx
docx_math/2007年普通高等学校招生全国统一考试天津卷（数学[1].理）.docx,495.docx
docx_math/2007年普通高等学校招生全国统一考试天津卷（数学文）.docx,496.docx
docx_math/2007年普通高等学校招生全国统一考试重庆卷（数学理）.docx,497.docx
docx_math/2007年全国普通高等学校招生统一考试（上海卷）数学试卷（文史类）.docx,499.docx
docx_math/2007年山东高考基本能力测试试卷.docx,502.docx
docx_math/2007年天津高考文综试卷.docx,503.docx
docx_math/2008年（重庆卷）.docx,514.docx
docx_math/2008年安徽卷.docx,515.docx
docx_math/2008年北京卷.docx,516.docx
docx_math/2008年高考理综化学部分宁夏卷.docx,519.docx
docx_math/2008年高考全国Ⅱ理综：化学试题.docx,520.docx
docx_math/2008年普通高等学校招生全国统一考试（全国卷Ⅱ）.docx,535.docx
docx_math/2008年普通高等学校招生全国统一考试（全国卷I）.docx,536.docx
docx_math/2008年普通高等学校招生全国统一考试（山东文科综合）.docx,537.docx
docx_math/2008年普通高等学校招生全国统一考试（四川卷）.docx,538.docx
docx_math/2008年普通高等学校招生全国统一考试（天津卷）.docx,539.docx
docx_math/2008年普通高等学校招生全国统一考试（重庆卷）.docx,541.docx
docx_math/2008年普通高等学校招生全国统一考试（重庆卷）2.docx,542.docx
docx_math/2008年普通高等学校招生全国统一考试理科综合能力测试.docx,550.docx
docx_math/2008年普通高校招生统一考试全国Ⅱ卷理综卷.docx,555.docx
docx_math/2008年全国高等学校统一招生考试（江苏省）.docx,556.docx
docx_math/2008年全国卷1.docx,558.docx
docx_math/2008年全国卷2.docx,559.docx
docx_math/2008年上海市春季卷.docx,565.docx
docx_math/2008年上海市普通高等学校春季招生考试试卷（数学）.docx,566.docx
docx_math/2008年浙江卷.docx,567.docx
docx_math/2009年高考试题分类汇编——特殊句式.docx,574.docx
docx_math/2009年各地高考试题分类精编-力学实验.docx,575.docx
docx_math/2013年安徽省高考数学试卷（理科）.docx,607.docx
docx_math/2013年安徽省高考数学试卷（文科）.docx,608.docx
docx_math/2013年北京市高考数学试卷（理科）.docx,609.docx
docx_math/2013年北京市高考数学试卷（文科）.docx,610.docx
docx_math/2013年福建省高考数学试卷（理科）.docx,611.docx
docx_math/2013年福建省高考数学试卷（文科）.docx,612.docx
docx_math/2013年广东省高考数学试卷（理科）.docx,613.docx
docx_math/2013年广东省高考数学试卷（文科）.docx,614.docx
docx_math/2013年湖北省高考数学试卷（理科）.docx,615.docx
docx_math/2013年湖北省高考数学试卷（文科）.docx,616.docx
docx_math/2013年湖南省高考数学试卷（理科）.docx,617.docx
docx_math/2013年湖南省高考数学试卷（文科）.docx,618.docx
docx_math/2013年江苏省高考数学试卷.docx,619.docx
docx_math/2013年江西省高考数学试卷（理科）.docx,620.docx
docx_math/2013年江西省高考数学试卷（文科）.docx,621.docx
docx_math/2013年辽宁省高考数学试卷（理科）.docx,624.docx
docx_math/2013年辽宁省高考数学试卷（文科）.docx,625.docx
docx_math/2013年全国统一高考数学试卷（理科）（大纲版）.docx,627.docx
docx_math/2013年全国统一高考数学试卷（文科）（大纲版）.docx,631.docx
docx_math/2013年山东省高考数学试卷（理科）.docx,634.docx
docx_math/2013年山东省高考数学试卷（文科）.docx,635.docx
docx_math/2013年陕西省高考数学试卷（理科）.docx,636.docx
docx_math/2013年陕西省高考数学试卷（文科）.docx,637.docx
docx_math/2013年上海市春季高考数学试卷.docx,638.docx
docx_math/2013年上海市高考数学试卷（理科）.docx,639.docx
docx_math/2013年上海市高考数学试卷（文科）.docx,640.docx
docx_math/2013年四川省高考数学试卷（理科）.docx,641.docx
docx_math/2013年四川省高考数学试卷（文科）.docx,642.docx
docx_math/2013年天津市高考数学试卷（理科）.docx,643.docx
docx_math/2013年天津市高考数学试卷（文科）.docx,644.docx
docx_math/2013年浙江省高考数学试卷（理科）.docx,645.docx
docx_math/2013年浙江省高考数学试卷（文科）.docx,646.docx
docx_math/2013年重庆市高考数学试卷（理科）.docx,647.docx
docx_math/2013年重庆市高考数学试卷（文科）.docx,648.docx
docx_math/2014-2019年全国卷+自主命题省份真题(理数）.docx,649.docx
docx_math/2014-2019年全国卷+自主命题省份真题(文数）.docx,650.docx
docx_math/2014年安徽省高考数学试卷（理科）.docx,651.docx
docx_math/2014年安徽省高考数学试卷（文科）.docx,652.docx
docx_math/2014年北京市高考数学试卷（理科）.docx,654.docx
docx_math/2014年北京市高考数学试卷（文科）.docx,655.docx
docx_math/2014年福建省高考数学试卷（理科）.docx,656.docx
docx_math/2014年福建省高考数学试卷（文科）.docx,657.docx
docx_math/2014年广东省高考数学试卷（理科）.docx,658.docx
docx_math/2014年广东省高考数学试卷（文科）.docx,659.docx
docx_math/2014年湖北省高考数学试卷（理科）.docx,660.docx
docx_math/2014年湖北省高考数学试卷（文科）.docx,661.docx
docx_math/2014年湖南省高考数学试卷（理科）.docx,662.docx
docx_math/2014年湖南省高考数学试卷（文科）.docx,663.docx
docx_math/2014年江苏省高考数学试卷.docx,664.docx
docx_math/2014年江西省高考数学试卷（理科）.docx,665.docx
docx_math/2014年江西省高考数学试卷（文科）.docx,666.docx
docx_math/2014年辽宁省高考数学试卷（理科）.docx,668.docx
docx_math/2014年辽宁省高考数学试卷（文科）.docx,669.docx
docx_math/2014年全国统一高考数学试卷（理科）（大纲版）.docx,671.docx
docx_math/2014年全国统一高考数学试卷（文科）（大纲版）.docx,675.docx
docx_math/2014年山东省高考数学试卷（理科）.docx,678.docx
docx_math/2014年山东省高考数学试卷（文科）.docx,679.docx
docx_math/2014年陕西省高考数学试卷（理科）.docx,680.docx
docx_math/2014年陕西省高考数学试卷（文科）.docx,681.docx
docx_math/2014年上海市高考数学试卷（理科）.docx,682.docx
docx_math/2014年上海市高考数学试卷（文科）.docx,683.docx
docx_math/2014年四川省高考数学试卷（理科）.docx,684.docx
docx_math/2014年四川省高考数学试卷（文科）.docx,685.docx
docx_math/2014年天津市高考数学试卷（理科）.docx,686.docx
docx_math/2014年天津市高考数学试卷（文科）.docx,687.docx
docx_math/2014年浙江省高考数学试卷（理科）.docx,688.docx
docx_math/2014年浙江省高考数学试卷（文科）.docx,689.docx
docx_math/2014年重庆市高考数学试卷（理科）.docx,690.docx
docx_math/2014年重庆市高考数学试卷（文科）.docx,691.docx
docx_math/2015年安徽省高考数学试卷（理科）.docx,695.docx
docx_math/2015年安徽省高考数学试卷（文科）.docx,696.docx
docx_math/2015年北京市高考数学试卷（理科）.docx,698.docx
docx_math/2015年北京市高考数学试卷（文科）.docx,699.docx
docx_math/2015年福建省高考数学试卷（理科）.docx,700.docx
docx_math/2015年福建省高考数学试卷（文科）.docx,701.docx
docx_math/2015年广东省高考数学试卷（理科）.docx,702.docx
docx_math/2015年广东省高考数学试卷（文科）.docx,703.docx
docx_math/2015年湖北省高考数学试卷（理科）.docx,704.docx
docx_math/2015年湖北省高考数学试卷（文科）.docx,705.docx
docx_math/2015年湖南省高考数学试卷（理科）.docx,706.docx
docx_math/2015年湖南省高考数学试卷（文科）.docx,707.docx
docx_math/2015年江苏省高考数学试卷.docx,708.docx
docx_math/2015年山东省高考数学试卷（理科）.docx,714.docx
docx_math/2015年山东省高考数学试卷（文科）.docx,715.docx
docx_math/2015年陕西省高考数学试卷（理科）.docx,716.docx
docx_math/2015年陕西省高考数学试卷（文科）.docx,717.docx
docx_math/2015年上海市高考数学试卷（理科）.docx,718.docx
docx_math/2015年上海市高考数学试卷（文科）.docx,719.docx
docx_math/2015年四川省高考数学试卷（理科）.docx,720.docx
docx_math/2015年四川省高考数学试卷（文科）.docx,721.docx
docx_math/2015年天津市高考数学试卷（理科）.docx,722.docx
docx_math/2015年天津市高考数学试卷（文科）.docx,723.docx
docx_math/2015年浙江省高考数学试卷（理科）.docx,724.docx
docx_math/2015年浙江省高考数学试卷（文科）.docx,725.docx
docx_math/2015年重庆市高考数学试卷（理科）.docx,726.docx
docx_math/2015年重庆市高考数学试卷（文科）.docx,727.docx
docx_math/2016-2017学年北师大上学期二年级期中检测卷.docx,728.docx
docx_math/2016届初中毕业生学业水平模拟考试（五）数学试题（图片版）.docx,730.docx
docx_math/2016届九年级4月月考数学试题.docx,737.docx
docx_math/2016届九年级第二学期独立作业（三）数学试题.docx,738.docx
docx_math/2016届九年级下学期联考数学试题.docx,744.docx
docx_math/2016届九年级下学期入学考试数学试题（图片版）.docx,745.docx
docx_math/2016届九年级中考一模数学试题（扫描版）.docx,750.docx
docx_math/2016年5月九年级数学模拟测试卷.docx,752.docx
docx_math/2016年北京市高考数学试卷（理科）.docx,754.docx
docx_math/2016年北京市高考数学试卷（文科）.docx,755.docx
docx_math/2016年江苏省高考数学试卷.docx,757.docx
docx_math/2016年普通高等学校招生全国统一考试数理（江苏省）Word版.docx,758.docx
docx_math/2016年山东省高考数学试卷（理科）.docx,767.docx
docx_math/2016年山东省高考数学试卷（文科）.docx,768.docx
docx_math/2016年上海市高考数学试卷（理科）.docx,769.docx
docx_math/2016年上海市高考数学试卷（文科）.docx,770.docx
docx_math/2016年四川省高考数学试卷（理科）.docx,771.docx
docx_math/2016年四川省高考数学试卷（文科）.docx,772.docx
docx_math/2016年天津市高考数学试卷（理科）.docx,773.docx
docx_math/2016年天津市高考数学试卷（文科）.docx,774.docx
docx_math/2016年浙江省高考数学试卷（理科）.docx,775.docx
docx_math/2016年浙江省高考数学试卷（文科）.docx,776.docx
docx_math/2017内蒙古包头中考数学试卷扫描版.docx,778.docx
docx_math/2017年北京市高考数学试卷（理科）.docx,779.docx
docx_math/2017年北京市高考数学试卷（文科）.docx,780.docx
docx_math/2017年江苏省高考数学试卷.docx,788.docx
docx_math/2017年清华大学金秋营数学试题.docx,792.docx
docx_math/2017年山东省高考数学试卷（理科）.docx,801.docx
docx_math/2017年山东省高考数学试卷（文科）.docx,802.docx
docx_math/2017年上海市高考数学试卷.docx,805.docx
docx_math/2017年天津市高考数学试卷（理科）.docx,808.docx
docx_math/2017年天津市高考数学试卷（文科）.docx,809.docx
docx_math/2017年浙江省高考数学试卷.docx,813.docx
docx_math/2018年全国初中数学竞赛（初二组）初赛试题.docx,820.docx
docx_math/2018年全国初中数学竞赛（初三组）初赛试题.docx,821.docx
docx_math/2018年全国初中数学竞赛（初一组）初赛试题.docx,822.docx
docx_math/2019高中自主招生数学试题.docx,841.docx
docx_math/2019年安徽省中考数学试卷.docx,842.docx
docx_math/2019年北京市中考数学试卷.docx,843.docx
docx_math/2019年福建省中考数学试卷.docx,844.docx
docx_math/2019年甘肃省兰州市中考数学试卷（a卷）.docx,845.docx
docx_math/2019年甘肃省庆阳市中考数学试卷.docx,846.docx
docx_math/2019年甘肃省天水市中考数学试卷.docx,847.docx
docx_math/2019年甘肃省中考数学试卷.docx,848.docx
docx_math/2019年高考真题理科数学（北京卷）.docx,850.docx
docx_math/2019年高考真题理科数学（天津卷）.docx,851.docx
docx_math/2019年高考真题理科综合（北京卷）.docx,852.docx
docx_math/2019年高考真题理科综合（天津卷）.docx,853.docx
docx_math/2019年高考真题数学（江苏卷）.docx,854.docx
docx_math/2019年高考真题数学（浙江卷）.docx,855.docx
docx_math/2019年高考真题文科数学（北京卷）.docx,856.docx
docx_math/2019年高考真题文科数学（天津卷）.docx,857.docx
docx_math/2019年高考真题文科综合（北京卷）.docx,858.docx
docx_math/2019年高考真题文科综合（天津卷）.docx,859.docx
docx_math/2019年广东省广州市中考数学试卷.docx,860.docx
docx_math/2019年广东省深圳市中考数学试卷.docx,861.docx
docx_math/2019年广东省中考数学试卷.docx,862.docx
docx_math/2019年广西百色市中考数学试卷.docx,863.docx
docx_math/2019年广西北部湾经济区（南宁北海钦州防城港崇左来宾）中考数学试卷.docx,864.docx
docx_math/2019年广西桂林市中考数学试卷.docx,865.docx
docx_math/2019年广西贺州市中考数学试卷.docx,866.docx
docx_math/2019年广西梧州市中考数学试卷.docx,867.docx
docx_math/2019年广西玉林市中考数学试卷.docx,868.docx
docx_math/2019年贵州省毕节市中考数学试卷.docx,869.docx
docx_math/2019年贵州省贵阳市中考数学试卷.docx,870.docx
docx_math/2019年贵州省铜仁市中考数学试卷.docx,871.docx
docx_math/2019年贵州省遵义市中考数学试卷.docx,872.docx
docx_math/2019年海南省中考数学试卷.docx,873.docx
docx_math/2019年河北省中考数学试卷.docx,874.docx
docx_math/2019年河南省中考数学试卷.docx,875.docx
docx_math/2019年黑龙江省大庆市中考数学试卷.docx,876.docx
docx_math/2019年黑龙江省哈尔滨市中考数学试卷.docx,877.docx
docx_math/2019年黑龙江省龙东地区中考数学试卷.docx,878.docx
docx_math/2019年黑龙江省齐齐哈尔市中考数学试卷.docx,879.docx
docx_math/2019年黑龙江省绥化市中考数学试卷.docx,880.docx
docx_math/2019年湖北省鄂州市中考数学试卷.docx,881.docx
docx_math/2019年湖北省黄冈市中考数学试卷.docx,882.docx
docx_math/2019年湖北省黄石市中考数学试卷.docx,883.docx
docx_math/2019年湖北省荆门市中考数学试卷.docx,884.docx
docx_math/2019年湖北省荆州市中考数学试卷.docx,885.docx
docx_math/2019年湖北省潜江天门仙桃江汉油田中考数学试卷.docx,886.docx
docx_math/2019年湖北省随州市中考数学试卷.docx,887.docx
docx_math/2019年湖北省武汉市中考数学试卷.docx,888.docx
docx_math/2019年湖北省咸宁市中考数学试卷.docx,889.docx
docx_math/2019年湖北省襄阳市中考数学试卷.docx,890.docx
docx_math/2019年湖北省孝感市中考数学试卷.docx,891.docx
docx_math/2019年湖北省宜昌市中考数学试卷.docx,892.docx
docx_math/2019年湖南省衡阳市中考数学试卷.docx,893.docx
docx_math/2019年湖南省怀化市中考数学试卷.docx,894.docx
docx_math/2019年湖南省娄底市中考数学试卷.docx,895.docx
docx_math/2019年湖南省邵阳市中考数学试卷.docx,896.docx
docx_math/2019年湖南省湘潭市中考数学试卷.docx,897.docx
docx_math/2019年湖南省永州市中考数学试卷.docx,898.docx
docx_math/2019年湖南省岳阳市中考数学试卷.docx,899.docx
docx_math/2019年湖南省长沙市中考数学试卷.docx,900.docx
docx_math/2019年湖南省株洲市中考数学试卷.docx,901.docx
docx_math/2019年吉林省长春市中考数学试卷.docx,902.docx
docx_math/2019年吉林省中考数学试卷.docx,903.docx
docx_math/2019年江苏省连云港市中考数学试卷.docx,904.docx
docx_math/2019年江苏省南京市中考数学试卷.docx,905.docx
docx_math/2019年江苏省苏州市中考数学试卷.docx,906.docx
docx_math/2019年江苏省宿迁市中考数学试卷.docx,907.docx
docx_math/2019年江苏省泰州市中考数学试卷.docx,908.docx
docx_math/2019年江苏省无锡市中考数学试卷.docx,909.docx
docx_math/2019年江苏省徐州市中考数学试卷.docx,910.docx
docx_math/2019年江苏省盐城市中考数学试卷.docx,911.docx
docx_math/2019年江苏省扬州市中考数学试卷.docx,912.docx
docx_math/2019年江苏省镇江市中考数学试卷.docx,913.docx
docx_math/2019年江西省中考数学试卷.docx,914.docx
docx_math/2019年辽宁省本溪市中考数学试卷.docx,915.docx
docx_math/2019年辽宁省沈阳市中考数学试卷.docx,916.docx
docx_math/2019年内蒙古包头巴彦淖尔中考数学试卷.docx,917.docx
docx_math/2019年内蒙古鄂尔多斯市中考数学试卷.docx,918.docx
docx_math/2019年内蒙古通辽市中考数学试卷.docx,919.docx
docx_math/2019年宁夏中考数学试卷.docx,920.docx
docx_math/2019年山东省滨州市中考数学试卷（a卷）.docx,921.docx
docx_math/2019年山东省德州市中考数学试卷.docx,922.docx
docx_math/2019年山东省菏泽市中考数学试卷.docx,923.docx
docx_math/2019年山东省济宁市中考数学试卷.docx,924.docx
docx_math/2019年山东省聊城市中考数学试卷.docx,925.docx
docx_math/2019年山东省泰安市中考数学试卷.docx,926.docx
docx_math/2019年山东省潍坊市中考数学试卷.docx,927.docx
docx_math/2019年山东省淄博市中考数学试卷（a卷）.docx,928.docx
docx_math/2019年山西省中考数学试卷.docx,929.docx
docx_math/2019年陕西省中考数学试卷.docx,930.docx
docx_math/2019年上海市中考数学试卷.docx,931.docx
docx_math/2019年四川内江市中考数学试卷.docx,932.docx
docx_math/2019年四川省成都市中考数学试卷.docx,933.docx
docx_math/2019年四川省广安市中考数学试卷.docx,934.docx
docx_math/2019年四川省凉山州中考数学试卷.docx,935.docx
docx_math/2019年四川省遂宁市中考数学试卷.docx,936.docx
docx_math/2019年四川省宜宾市中考数学试卷.docx,937.docx
docx_math/2019年天津市中考数学试卷.docx,938.docx
docx_math/2019年新疆中考数学试卷.docx,939.docx
docx_math/2019年云南省中考数学试卷.docx,940.docx
docx_math/2019年浙江省杭州市中考数学试卷.docx,941.docx
docx_math/2019年浙江省嘉兴舟山市中考数学试卷.docx,942.docx
docx_math/2019年浙江省金华丽水市中考数学试卷.docx,943.docx
docx_math/2019年浙江省宁波市中考数学试卷.docx,944.docx
docx_math/2019年浙江省台州市中考数学试卷.docx,945.docx
docx_math/2019年浙江省温州市中考数学试卷.docx,946.docx
docx_math/2019年重庆市中考数学试卷（a卷）.docx,948.docx
docx_math/2019年重庆市中考数学试卷（b卷）.docx,949.docx
docx_math/2020-2021学年安徽省六安市霍邱县六年级（上）期末数学试卷.docx,951.docx
docx_math/2020-2021学年广东省揭阳市惠来县六年级（上）期末数学试卷.docx,965.docx
docx_math/2020-2021学年贵州省黔西南州兴仁市真武山街道办事处黔龙学校一年级（上）期末数学试卷.docx,971.docx
docx_math/2020-2021学年吉林省吉林市磐石市六年级（上）期末数学试卷.docx,989.docx
docx_math/2020-2021学年吉林省长春市长春新区六年级（上）期末数学试卷.docx,995.docx
docx_math/2020-2021学年江西省赣州市定南县一年级（上）期末数学试卷.docx,998.docx
docx_math/2020-2021学年辽宁省大连市甘井子区六年级（上）期末数学试卷.docx,1001.docx
docx_math/2020-2021学年辽宁省大连市沙河口区六年级（上）期末数学试卷.docx,1002.docx
docx_math/2020-2021学年辽宁省大连市中山区六年级（上）期末数学试卷.docx,1004.docx
docx_math/2020-2021学年辽宁省沈阳市法库东北学区六年级（上）期末数学试卷.docx,1006.docx
docx_math/2020-2021学年山东省潍坊市高新区六年级（上）期末数学试卷.docx,1014.docx
docx_math/2020-2021学年山东省潍坊市潍城区六年级（上）期末数学试卷.docx,1015.docx
docx_math/2020-2021学年山东省枣庄市滕州市六年级（上）期末数学试卷.docx,1016.docx
docx_math/2020-2021学年山东省枣庄市峄城区六年级（上）期末数学试卷.docx,1017.docx
docx_math/2020-2021学年陕西省西安市雁塔区六年级（上）期末数学试卷.docx,1018.docx
docx_math/2020-2021学年四川省成都市温江区六年级（上）期末数学试卷.docx,1025.docx
docx_math/2020年江苏高考数学试题（word版）.docx,1044.docx
docx_math/2020年山东高考数学试题（word版）.docx,1046.docx
docx_math/2020年浙江高考数学试题（word版）.docx,1048.docx
docx_math/2020年浙江省普通高中学业水平等级性考试.docx,1050.docx
docx_math/2021年高考全国甲卷化学试题（原卷版）.docx,1057.docx
docx_math/2021年高考全国乙卷化学试题（原卷版）.docx,1059.docx
docx_math/2021年广东省高考（广东卷）（原卷版）.docx,1063.docx
docx_math/2021年广东省高考化学试题（广东卷）（原卷版）.docx,1065.docx
docx_math/2021年河北省高考（河北卷）（原卷版）.docx,1067.docx
docx_math/2021年河北省高考化学试题（河北卷）（原卷版）.docx,1069.docx
docx_math/2021年湖南省高考（湖南卷）（原卷版）.docx,1071.docx
docx_math/2021年湖南省高考化学试题（湖南卷）（原卷版）.docx,1073.docx
docx_math/2021年全国高考甲卷数学（理）试题（原卷版）.docx,1075.docx
docx_math/2021年全国高考甲卷数学（文）试题（原卷版）.docx,1077.docx
docx_math/2021年全国高考乙卷数学（理）试题（原卷版）.docx,1079.docx
docx_math/2021年全国高考乙卷数学（文）试题（原卷版）.docx,1081.docx
docx_math/2021年全国新高考Ⅰ卷数学试题（原卷版）.docx,1083.docx
docx_math/2021年浙江省高考数学试题（原卷版）.docx,1085.docx
docx_math/2022届新高考开学数学摸底考试卷1.docx,1086.docx
docx_math/2022届新高考开学数学摸底考试卷10.docx,1087.docx
docx_math/2022届新高考开学数学摸底考试卷11.docx,1088.docx
docx_math/2022届新高考开学数学摸底考试卷12.docx,1089.docx
docx_math/2022届新高考开学数学摸底考试卷13.docx,1090.docx
docx_math/2022届新高考开学数学摸底考试卷14.docx,1091.docx
docx_math/2022届新高考开学数学摸底考试卷15.docx,1092.docx
docx_math/2022届新高考开学数学摸底考试卷16.docx,1093.docx
docx_math/2022届新高考开学数学摸底考试卷17.docx,1094.docx
docx_math/2022届新高考开学数学摸底考试卷18.docx,1095.docx
docx_math/2022届新高考开学数学摸底考试卷19.docx,1096.docx
docx_math/2022届新高考开学数学摸底考试卷2.docx,1097.docx
docx_math/2022届新高考开学数学摸底考试卷20.docx,1098.docx
docx_math/2022届新高考开学数学摸底考试卷3.docx,1099.docx
docx_math/2022届新高考开学数学摸底考试卷4.docx,1100.docx
docx_math/2022届新高考开学数学摸底考试卷5.docx,1101.docx
docx_math/2022届新高考开学数学摸底考试卷6.docx,1102.docx
docx_math/2022届新高考开学数学摸底考试卷7.docx,1103.docx
docx_math/2022届新高考开学数学摸底考试卷8.docx,1104.docx
docx_math/2022届新高考开学数学摸底考试卷9.docx,1105.docx
docx_math/ttmbword.doc天利高考试题4.docx,1114.docx
docx_math/北师大2016-2017学年上学期二年级期末检测卷.docx,1124.docx
docx_math/北师大版数学二年级上学期期末试卷3.docx,1135.docx
docx_math/北师大版数学二年级上学期期末试卷4.docx,1136.docx
docx_math/北师大版数学二年级下学期期末试卷1.docx,1137.docx
docx_math/北师大版数学二年级下学期期末试卷2.docx,1138.docx
docx_math/北师大版数学二年级下学期期末试卷3.docx,1139.docx
docx_math/北师大版数学二年级下学期期末试卷4.docx,1140.docx
docx_math/北师大版数学二年级下学期期中试卷1.docx,1141.docx
docx_math/北师大版数学六年级上学期期末试卷.docx,1142.docx
docx_math/北师大版数学六年级上学期期末试卷2.docx,1143.docx
docx_math/北师大版数学六年级上学期期中试卷1.docx,1144.docx
docx_math/北师大版数学六年级上学期期中试卷2.docx,1146.docx
docx_math/北师大版数学六年级上学期期中试卷3.docx,1147.docx
docx_math/北师大版数学六年级上学期期中试卷4.docx,1148.docx
docx_math/北师大版数学六年级上学期期中试卷5（.docx,1149.docx
docx_math/北师大版数学六年级上学期期中试卷6.docx,1150.docx
docx_math/北师大版数学六年级下学期期末试卷1.docx,1151.docx
docx_math/北师大版数学六年级下学期期末试卷2.docx,1152.docx
docx_math/北师大版数学六年级下学期期末试卷3.docx,1153.docx
docx_math/北师大版数学六年级下学期期末试卷4.docx,1154.docx
docx_math/北师大版数学六年级下学期期末试卷5.docx,1155.docx
docx_math/北师大版数学六年级下学期期中试卷1.docx,1156.docx
docx_math/北师大版数学六年级下学期期中试卷3.docx,1157.docx
docx_math/北师大版数学六年级下学期期中试卷5.docx,1158.docx
docx_math/北师大版数学三年级上学期期中试卷1.docx,1159.docx
docx_math/北师大版数学三年级上学期期中试卷2.docx,1160.docx
docx_math/北师大版数学三年级上学期期中试卷3.docx,1161.docx
docx_math/北师大版数学三年级下学期期末试卷1.docx,1162.docx
docx_math/北师大版数学三年级下学期期末试卷2.docx,1163.docx
docx_math/北师大版数学三年级下学期期末试卷3.docx,1164.docx
docx_math/北师大版数学三年级下学期期中试卷1.docx,1165.docx
docx_math/北师大版数学三年级下学期期中试卷2.docx,1166.docx
docx_math/北师大版数学三年级下学期期中试卷3.docx,1167.docx
docx_math/北师大版数学三年级下学期期中试卷4.docx,1168.docx
docx_math/北师大版数学三年级下学期期中试卷5.docx,1169.docx
docx_math/北师大版数学四年级上学期期末试卷1.docx,1170.docx
docx_math/北师大版数学四年级上学期期末试卷2.docx,1171.docx
docx_math/北师大版数学四年级上学期期末试卷3.docx,1172.docx
docx_math/北师大版数学四年级上学期期中试卷1.docx,1173.docx
docx_math/北师大版数学四年级上学期期中试卷2.docx,1174.docx
docx_math/北师大版数学四年级上学期期中试卷3.docx,1175.docx
docx_math/北师大版数学四年级上学期期中试卷4.docx,1176.docx
docx_math/北师大版数学四年级上学期期中试卷5.docx,1177.docx
docx_math/北师大版数学四年级下学期期末试卷1.docx,1178.docx
docx_math/北师大版数学四年级下学期期末试卷2.docx,1179.docx
docx_math/北师大版数学四年级下学期期末试卷3.docx,1180.docx
docx_math/北师大版数学四年级下学期期末试卷4.docx,1181.docx
docx_math/北师大版数学四年级下学期期末试卷5.docx,1182.docx
docx_math/北师大版数学四年级下学期期中试卷1.docx,1183.docx
docx_math/北师大版数学四年级下学期期中试卷2.docx,1184.docx
docx_math/北师大版数学四年级下学期期中试卷3.docx,1185.docx
docx_math/北师大版数学四年级下学期期中试卷4.docx,1186.docx
docx_math/北师大版数学五年级上学期期末试卷1.docx,1187.docx
docx_math/北师大版数学五年级上学期期末试卷2.docx,1188.docx
docx_math/北师大版数学五年级上学期期末试卷3.docx,1189.docx
docx_math/北师大版数学五年级上学期期末试卷4.docx,1190.docx
docx_math/北师大版数学五年级上学期期中试卷1.docx,1191.docx
docx_math/北师大版数学五年级上学期期中试卷2.docx,1192.docx
docx_math/北师大版数学五年级上学期期中试卷3.docx,1193.docx
docx_math/北师大版数学五年级上学期期中试卷5.docx,1194.docx
docx_math/北师大版数学五年级上学期期中试卷6.docx,1195.docx
docx_math/北师大版数学五年级上学期期中试卷7.docx,1196.docx
docx_math/北师大版数学五年级下学期期末试卷1（网资源）.docx,1197.docx
docx_math/北师大版数学五年级下学期期末试卷2（网资源）.docx,1198.docx
docx_math/北师大版数学五年级下学期期末试卷3（网资源）.docx,1199.docx
docx_math/北师大版数学五年级下学期期末试卷4（网资源）.docx,1200.docx
docx_math/北师大版数学五年级下学期期末试卷5（网资源）.docx,1201.docx
docx_math/北师大版数学五年级下学期期末试卷6.docx,1202.docx
docx_math/北师大版数学五年级下学期期中试卷1（网资源）.docx,1203.docx
docx_math/北师大版数学五年级下学期期中试卷2（网资源）.docx,1204.docx
docx_math/北师大版数学五年级下学期期中试卷3（网资源）.docx,1205.docx
docx_math/北师大版数学五年级下学期期中试卷4.docx,1206.docx
docx_math/北师大版数学五年级下学期期中试卷5（网资源）.docx,1207.docx
docx_math/北师大版数学一年级上学期期末试卷1（网资源）.docx,1208.docx
docx_math/北师大版数学一年级上学期期末试卷2（网资源）.docx,1209.docx
docx_math/北师大版数学一年级上学期期末试卷3（网资源）.docx,1210.docx
docx_math/北师大版数学一年级上学期期末试卷4（网资源）.docx,1211.docx
docx_math/北师大版数学一年级上学期期中试卷1（网资源）.docx,1212.docx
docx_math/北师大版数学一年级上学期期中试卷2（网资源）.docx,1213.docx
docx_math/北师大版数学一年级上学期期中试卷3（网资源）.docx,1214.docx
docx_math/北师大版数学一年级下学期期末试卷1（网资源）.docx,1215.docx
docx_math/北师大版数学一年级下学期期末试卷2（网资源）.docx,1216.docx
docx_math/北师大版数学一年级下学期期末试卷3（网资源）.docx,1217.docx
docx_math/北师大版数学一年级下学期期中试卷1（网资源）.docx,1218.docx
docx_math/北师大版数学一年级下学期期中试卷2（网资源）.docx,1219.docx
docx_math/北师大版数学一年级下学期期中试卷3（网资源）.docx,1220.docx
docx_math/二年级数学试卷.docx,1452.docx
docx_math/二年级数学试题.docx,1453.docx
docx_math/二年级下册数学单元测试-第八单元北师大版.docx,1454.docx
docx_math/二年级下册数学单元测试-第七单元北师大版.docx,1455.docx
docx_math/甘肃省武威市、白银市、定西市、平凉市、酒泉市、临夏州、张掖市、庆阳市2017年中考数学试题（图片版）.docx,1554.docx
docx_math/高考数学核心考点_模拟试题_复习资料.docx,1562.docx
docx_math/高考数学考试大纲.docx,1563.docx
docx_math/高校自主招生数学模拟试卷三.docx,1578.docx
docx_math/给初二学生的竞赛班测试卷.docx,1587.docx
docx_math/河北省衡水中学2016届高三上学期六调考试数学（理）试题.docx,1621.docx
docx_math/河北省衡水中学2016届高三上学期期末考试数学（理）试题.docx,1622.docx
docx_math/河北省衡水中学2017届高三上学期第16周周测数学（理）试题.docx,1625.docx
docx_math/河北省衡水中学2017届高三下学期第1周周测数学（理）试题.docx,1626.docx
docx_math/河北省衡水中学2017届高三下学期第六周周测数学（理）试题.docx,1627.docx
docx_math/河北省衡水中学2018届高三上学期一轮复习周测数学（理）试题.docx,1629.docx
docx_math/河北省衡水中学高三高考押题（二）理数试题.docx,1630.docx
docx_math/河北省衡水中学高三高考押题（二）文数试题.docx,1631.docx
docx_math/河北省衡水中学高三高考押题化学试题.docx,1632.docx
docx_math/湖南省株洲市2017年中考数学试题.docx,1694.docx
docx_math/华师一附中高中提前自主招生考试数学训练题.docx,1701.docx
docx_math/基本能力测试.docx,1702.docx
docx_math/江苏省南京市2017年中考数学试题（图片版）.docx,1711.docx
docx_math/江苏省盐城市2017年中考数学试题（图片版）.docx,1715.docx
docx_math/-旧人教[整理]2006年普通高等学校招生全国统一考试理科数学(全国Ⅲ卷)word版.docx,1840.docx
docx_math/理数试卷.docx,1849.docx
docx_math/辽宁卷理科.docx,1853.docx
docx_math/六年级下册数学单元测试-第二单元北师大版.docx,1860.docx
docx_math/六年级下册数学单元测试-第三单元北师大版.docx,1861.docx
docx_math/六年级下册数学单元测试-第四单元北师大版.docx,1862.docx
docx_math/六年级下册数学单元测试-第一单元北师大版.docx,1863.docx
docx_math/绵阳中学高中自主招生数学试卷.docx,1864.docx
docx_math/三年级数学试题.docx,1877.docx
docx_math/三年级下册数学单元测试-第六单元北师大版.docx,1878.docx
docx_math/三年级下册数学单元测试-第七单元北师大版.docx,1879.docx
docx_math/三年级下册数学单元测试-第三单元北师大版.docx,1880.docx
docx_math/三年级下册数学单元测试-第四单元北师大版.docx,1881.docx
docx_math/三年级下册数学单元测试-第五单元北师大版.docx,1882.docx
docx_math/三年级下册数学单元测试-第一单元北师大版.docx,1883.docx
docx_math/三年级下数学单元测试-第二单元-北师大版.docx,1884.docx
docx_math/数学【概念、方法、题型、易误点及应试技巧总结】十六专题汇总.docx,1931.docx
docx_math/天津市2018年中考数学试题（原卷版）.docx,1962.docx
docx_math/往年名校自主招生面试题集锦.docx,1968.docx
docx_math/五年级数学期末试卷.docx,1975.docx
docx_math/五年级下册数学单元测试-第八单元北师大版.docx,1977.docx
docx_math/五年级下册数学单元测试-第六单元北师大版.docx,1978.docx
docx_math/五年级下册数学单元测试-第一单元北师大版.docx,1979.docx
docx_math/小升初数学试题-分数百分数应用题轻松闯关-通用版.docx,1992.docx
docx_math/小升初数学试题-图文搭配应用题轻松闯关-通用版.docx,1994.docx
docx_math/小升初数学专题训试题（A）-应用题-通用版.docx,2006.docx
docx_math/小升初数学专题训试题（B）-应用题-通用版.docx,2007.docx
docx_math/小升初数学专项试题-平均数与和差倍应用题闯关-通用版.docx,2009.docx
docx_math/小升初数学专项试题-植树和年龄问题应用题闯关-通用版.docx,2010.docx
docx_math/小升初数学专项试题-周长、面积、体积相关问题应用题闯关-通用版.docx,2011.docx
docx_math/小学二年级数学试题.docx,2037.docx
docx_math/小学数学毕业复习试题-常见的量-通用版.docx,2065.docx
docx_math/小学数学毕业复习试题-数的认识-通用版.docx,2066.docx
docx_math/一年级上数学名校真题卷-轻松夺冠-北师大版（网资源）.docx,2125.docx
docx_math/一年级下册数学单元测试-第二单元北师大版（网资源）.docx,2126.docx
docx_math/一年级下册数学单元测试-第六单元北师大版（网资源）.docx,2127.docx
docx_math/一年级下册数学单元测试-第三单元北师大版（网资源）.docx,2128.docx
docx_math/一年级下册数学单元测试-第四单元北师大版（网资源）.docx,2129.docx
docx_math/一年级下册数学单元测试-第五单元北师大版（网资源）.docx,2130.docx
docx_math/一年级下册数学单元测试-第一单元北师大版（网资源）.docx,2131.docx
docx_math/浙江省2020年1月普通高校招生选考科目化学试题.docx,2222.docx
docx_math/浙江省杭州市2017年中考数学试卷（word版）.docx,2223.docx
