original_filename,new_filename
docx_math/(不打印)纠错日记.docx,0.docx
docx_math/（苏教）五年级数学答案.docx,29.docx
docx_math/~$11-2018年全国数学高考真题答案解析合集.docx,31.docx
docx_math/~$11-2020年全国数学高考真题合集.docx,32.docx
docx_math/【参考】考研数学真题近十年考题路线分析.docx,33.docx
docx_math/【初】初中数学竞赛专题训练10套word37页（有答案，实数+代数式、恒等式、恒等变形+方程+不等式+方程应用+函数+逻辑推理+命题及三角形边角不等关系+面积及等积变换+三角形的四心及性质、平移、旋转、覆盖）.docx,34.docx
docx_math/【公众号：鸡娃饲料】二年级.docx,40.docx
docx_math/【公众号：鸡娃饲料】二年级上册数学奥数知识点讲解第12课《仔细审题》通用版（含答案）.docx,41.docx
docx_math/【公众号：鸡娃饲料】六年级.docx,44.docx
docx_math/【公众号：鸡娃饲料】六年级奥数题及答案解析.docx,45.docx
docx_math/【公众号：鸡娃饲料】六年级奥数行程问题汇总.docx,46.docx
docx_math/【公众号：鸡娃饲料】六年级数学奥数讲义+练习-第21讲“不变量”解题（全国通用版，含答案）.docx,49.docx
docx_math/【公众号：鸡娃饲料】人教新版六年级下数学综合检测题1.docx,50.docx
docx_math/【公众号：鸡娃饲料】三年级.docx,51.docx
docx_math/【公众号：鸡娃饲料】三年级上册三位数乘两位数-两个因数末尾有零的口算题200道.docx,52.docx
docx_math/【公众号：鸡娃饲料】三年级数学奥数知识点讲解第10课《年龄问题》通用版（含答案）.docx,53.docx
docx_math/【公众号：鸡娃饲料】三年级数学奥数知识点讲解第11课《鸡兔同笼问题》通用版（含答案）.docx,54.docx
docx_math/【公众号：鸡娃饲料】三年级数学中间有0的三位数乘以一位数口算练习题计算题大全.docx,55.docx
docx_math/【公众号：鸡娃饲料】三年级下册数学奥数知识点讲解第12课《盈亏问题》通用版（含答案）.docx,56.docx
docx_math/【公众号：鸡娃饲料】三年级下册数学奥数知识点讲解第13课《巧求周长》通用版（含答案）.docx,57.docx
docx_math/【公众号：鸡娃饲料】三年级下册数学奥数知识点讲解第14课《从数的二进制谈起》通用版（含答案）.docx,58.docx
docx_math/【公众号：鸡娃饲料】三年级下册数学奥数知识点讲解第15课《综合练习》通用版（含答案）.docx,59.docx
docx_math/【公众号：鸡娃饲料】三年级下册数学奥数知识点讲解第1课《从数表中找规律》通用版（含答案）.docx,60.docx
docx_math/【公众号：鸡娃饲料】三年级下册数学奥数知识点讲解第2课《从哥尼斯堡七桥问题谈起》通用版（含答案）.docx,61.docx
docx_math/【公众号：鸡娃饲料】三年级下册数学奥数知识点讲解第3课《多笔画及应用问题》通用版（含答案）.docx,62.docx
docx_math/【公众号：鸡娃饲料】三年级下册数学奥数知识点讲解第4课《最短路线问题》通用版（含答案）.docx,63.docx
docx_math/【公众号：鸡娃饲料】三年级下册数学奥数知识点讲解第5课《归一问题》通用版（含答案）.docx,64.docx
docx_math/【公众号：鸡娃饲料】三年级下册数学奥数知识点讲解第6课《平均数问题》通用版（含答案）.docx,65.docx
docx_math/【公众号：鸡娃饲料】三年级下册数学奥数知识点讲解第7课《和倍问题》通用版（含答案）.docx,66.docx
docx_math/【公众号：鸡娃饲料】三年级下册数学奥数知识点讲解第8课《差倍问题》通用版（含答案）.docx,67.docx
docx_math/【公众号：鸡娃饲料】三年级下册数学奥数知识点讲解第9课《和差问题》通用版（含答案）.docx,68.docx
docx_math/【公众号：鸡娃饲料】三年级下册数学扩展专题练习-计算综合.整数的速算与巧算（二）（A级）.学生版-全国通用（无答案）.docx,69.docx
docx_math/【公众号：鸡娃饲料】三年级下册数学扩展专题练习-计算综合.整数速算与巧算（C级）.学生版-全国通用（无答案）.docx,70.docx
docx_math/【公众号：鸡娃饲料】四年级上册数学奥数练习-错中求解-全国通用（无答案）.docx,71.docx
docx_math/【公众号：鸡娃饲料】四年级上册数学奥数练习-等差数列-全国通用（无答案）.docx,72.docx
docx_math/【公众号：鸡娃饲料】四年级上册数学奥数练习-巧妙求和-全国通用（无答案）.docx,73.docx
docx_math/【公众号：鸡娃饲料】五年级奥数基础教程-抽屉原理小学.docx,75.docx
docx_math/【公众号：鸡娃饲料】五年级奥数基础教程-定义新运算小学.docx,76.docx
docx_math/【公众号：鸡娃饲料】五年级奥数基础教程-多边形的面积小学.docx,77.docx
docx_math/【公众号：鸡娃饲料】五年级奥数基础教程-分解质因数小学.docx,78.docx
docx_math/【公众号：鸡娃饲料】五年级奥数基础教程-列方程解应用题小学.docx,79.docx
docx_math/【公众号：鸡娃饲料】五年级奥数基础教程-逻辑问题小学.docx,80.docx
docx_math/【公众号：鸡娃饲料】五年级奥数基础教程-奇偶性小学.docx,81.docx
docx_math/【公众号：鸡娃饲料】五年级奥数基础教程-巧算24小学.docx,82.docx
docx_math/【公众号：鸡娃饲料】五年级奥数基础教程-数的整除性小学.docx,83.docx
docx_math/【公众号：鸡娃饲料】五年级奥数基础教程-数字谜小学.docx,84.docx
docx_math/【公众号：鸡娃饲料】五年级奥数基础教程-孙子问题与逐步约束法小学.docx,85.docx
docx_math/【公众号：鸡娃饲料】五年级奥数基础教程-图形的分割与拼接小学.docx,86.docx
docx_math/【公众号：鸡娃饲料】五年级奥数基础教程-位值原则小学.docx,87.docx
docx_math/【公众号：鸡娃饲料】五年级奥数基础教程-行程问题小学.docx,88.docx
docx_math/【公众号：鸡娃饲料】五年级奥数基础教程-用等量代换求面积小学.docx,89.docx
docx_math/【公众号：鸡娃饲料】五年级奥数基础教程-用割补法求面积小学.docx,90.docx
docx_math/【公众号：鸡娃饲料】五年级奥数基础教程-余数问题小学.docx,91.docx
docx_math/【公众号：鸡娃饲料】五年级奥数基础教程-质数与合数小学.docx,92.docx
docx_math/【公众号：鸡娃饲料】五年级奥数基础教程-最大公约数与最小公倍数小学.docx,93.docx
docx_math/【公众号：鸡娃饲料】小学奥数必须掌握的30个知识模块.docx,97.docx
docx_math/【公众号：鸡娃饲料】小学奥数教程之-年龄问题（三）计算题.教师版.docx,98.docx
docx_math/【公众号：鸡娃饲料】小学奥数系列训练题--加法原理_通用版.docx,99.docx
docx_math/【公众号：鸡娃饲料】小学数学一年级奥数100题及答案解析.docx,103.docx
docx_math/【公众号：鸡娃饲料】一年级.docx,104.docx
docx_math/【公众号：鸡娃饲料】一年级上册数学奥数知识点讲解第12课《图形的整体与部分》通用版（含答案）.docx,105.docx
docx_math/【公众号：鸡娃饲料】一年级上册数学奥数知识点讲解第15课《一个图形的等积变换》通用版（含答案）.docx,106.docx
docx_math/【公众号：鸡娃饲料】一年级上册数学奥数知识点讲解第16课《一个图形的等份分划》通用版（含答案）.docx,107.docx
docx_math/【公众号：鸡娃饲料】一年级上册数学奥数知识点讲解第17课《发现图形的变化规律》通用版（含答案）.docx,108.docx
docx_math/【公众号：鸡娃饲料】一年级上册数学奥数知识点讲解第3课《认识图形三》通用版（含答案）.docx,109.docx
docx_math/【全国百强校】河北省衡水中学2018届高三下学期第4周周考理数4答案.docx,127.docx
docx_math/【四（1）班】乘除法的拆拼进阶2作业【公众号：鸡娃饲料】.docx,156.docx
docx_math/【四（1）班】乘除法的拆拼进阶作业【公众号：鸡娃饲料】.docx,157.docx
docx_math/【四（1）班】定义新运算作业【公众号：鸡娃饲料】.docx,158.docx
docx_math/【四（1）班】加减法混合运算作业【公众号：鸡娃饲料】.docx,159.docx
docx_math/【四（1）班】字母加减法及乘除法作业【公众号：鸡娃饲料】.docx,160.docx
docx_math/【四年级】横式问题作业【公众号：鸡娃饲料】.docx,161.docx
docx_math/【四年级】年龄问题作业【公众号：鸡娃饲料】.docx,162.docx
docx_math/【四年级】牛吃草问题作业【公众号：鸡娃饲料】.docx,163.docx
docx_math/【推荐】数学选择题的解题思路、方法、专项训练（全套）.docx,164.docx
docx_math/【赠送参考】考研数学真题近十年考题路线分析.docx,165.docx
docx_math/1.图示法解应用题进阶作业【公众号：鸡娃饲料】.docx,170.docx
docx_math/11123.docx,171.docx
docx_math/1957年副题.docx,178.docx
docx_math/2.多对象鸡兔同笼问题作业【公众号：鸡娃饲料】.docx,207.docx
docx_math/2000春答案.docx,208.docx
docx_math/2000春高考.docx,209.docx
docx_math/2001（文史类）数学.docx,213.docx
docx_math/2001-0131.docx,214.docx
docx_math/2001数学（理工农医类）.docx,215.docx
docx_math/2002qgl.docx,216.docx
docx_math/2002qgw.docx,217.docx
docx_math/2003数学（文）.docx,220.docx
docx_math/2003数学二.docx,221.docx
docx_math/2003-数一真题、标准答案及解析.docx,222.docx
docx_math/2004-77数学（理）.docx,223.docx
docx_math/2004-7数学（文）.docx,224.docx
docx_math/2004春季题.docx,225.docx
docx_math/2004年考研数学三真题及解析.docx,226.docx
docx_math/2004年上海市普通高等学校春季招生考.docx,227.docx
docx_math/2004数学（理）.docx,228.docx
docx_math/2004-数学（理）.docx,229.docx
docx_math/2004数学（理）2.docx,230.docx
docx_math/2004-数学（理）4.docx,231.docx
docx_math/2004-数学（理）7.docx,232.docx
docx_math/2004-数学（理）78.docx,233.docx
docx_math/2004-数学（理）9.docx,234.docx
docx_math/2004数学（理）北京.docx,235.docx
docx_math/2004数学（理）湖北.docx,236.docx
docx_math/2004数学（理）上海.docx,237.docx
docx_math/2004数学（理）天津.docx,238.docx
docx_math/2004数学（理）浙江.docx,239.docx
docx_math/2004数学（理）重庆.docx,240.docx
docx_math/2004数学（文）.docx,241.docx
docx_math/2004-数学（文）.docx,242.docx
docx_math/2004数学（文）2.docx,243.docx
docx_math/2004数学（文）3.docx,244.docx
docx_math/2004-数学（文）3.docx,245.docx
docx_math/2004-数学（文）8.docx,246.docx
docx_math/2004数学（文）北京.docx,247.docx
docx_math/2004数学（文）湖北.docx,248.docx
docx_math/2004-数学（文）老课程.docx,249.docx
docx_math/2004数学（文）上海.docx,250.docx
docx_math/2004数学（文）天津.docx,251.docx
docx_math/2004数学（文）重庆.docx,252.docx
docx_math/2004数学.docx,253.docx
docx_math/2004-数学.docx,254.docx
docx_math/2004数学二.docx,255.docx
docx_math/2004数学江苏.docx,256.docx
docx_math/2004数学辽宁.docx,257.docx
docx_math/2004—数一真题、标准答案及解析.docx,258.docx
docx_math/2005年考研数学三真题及解析.docx,289.docx
docx_math/2005数学二.docx,294.docx
docx_math/2005—数一真题、标准答案及解析.docx,295.docx
docx_math/2006年广东.docx,303.docx
docx_math/2006年考研数学三真题及解析.docx,304.docx
docx_math/2006年数学（福建理工）.docx,345.docx
docx_math/2006数学二.docx,346.docx
docx_math/2006—数一真题、标准答案及解析.docx,347.docx
docx_math/2007年高考数学福建文科全解全析（包括选择填空都有详细解析）.docx,354.docx
docx_math/2007年高考数学全国II理科详细解答.docx,355.docx
docx_math/2007年高考数学全国II文科详细解析.docx,356.docx
docx_math/2007年考研数学三真题及解析.docx,358.docx
docx_math/2007数学二.docx,504.docx
docx_math/2007数学一真题答案解析.docx,505.docx
docx_math/2008北京文数全解全析.docx,506.docx
docx_math/2008高考辽宁（理）全解全析.docx,508.docx
docx_math/2008海南、宁夏文数.docx,512.docx
docx_math/2008辽宁文数全解全析.docx,513.docx
docx_math/2008年高考北京理科数学详解.docx,518.docx
docx_math/2008年高考数学浙江（文）详解.docx,529.docx
docx_math/2008年海南高考化学答案.docx,532.docx
docx_math/2008年考研数学三真题及解析.docx,533.docx
docx_math/2008年浙江理科数学全解全析.docx,568.docx
docx_math/2008山东文数全解全析.docx,569.docx
docx_math/2008上海文数全解全析.docx,570.docx
docx_math/2008数学二.docx,571.docx
docx_math/2008数学一真题答案解析.docx,572.docx
docx_math/2009考研数学二真题及答案解析.docx,573.docx
docx_math/2009年考研数学三真题及解析.docx,576.docx
docx_math/2009数学一真题答案解析.docx,580.docx
docx_math/2010考研数学二真题及答案解析.docx,581.docx
docx_math/2010年数学一真题答案解析.docx,588.docx
docx_math/2011-2018年全国数学高考真题答案解析合集.docx,589.docx
docx_math/2011-2020年全国数学高考真题合集.docx,590.docx
docx_math/2011-2020年全国数学高考真题合集~0DBA8.tmp,591.docx
docx_math/2011-2020年全国数学高考真题合集~158B8.tmp,592.docx
docx_math/2011-2020年全国数学高考真题合集~DE24E.tmp,593.docx
docx_math/2011考研数学(三)真题及答案详解.docx,594.docx
docx_math/2011考研数学二真题及答案解析.docx,595.docx
docx_math/2012考研数学二真题及答案答案解析.docx,601.docx
docx_math/2012年考研数学三真题及答案详解.docx,602.docx
docx_math/2013年考研数学三真题及答案详解.docx,622.docx
docx_math/2013年考研数学一真题及答案解析.docx,623.docx
docx_math/2014年考研数学一答案解析.docx,667.docx
docx_math/2015年北京大学金秋营数学.docx,697.docx
docx_math/2015年考研数学三真题答案解析.docx,709.docx
docx_math/2016年北京大学金秋营数学.docx,753.docx
docx_math/2017考研数学一答案解析.docx,777.docx
docx_math/2017年希望杯初二.docx,811.docx
docx_math/2017年希望杯初一.docx,812.docx
docx_math/2018-2019清华大学自主招生自荐信范文.docx,817.docx
docx_math/2018北大清华复旦自主招生夏令营介绍.docx,818.docx
docx_math/2018届河北省衡水市衡水中学第三次月考理科数学.docx,819.docx
docx_math/2019高中数学联赛备考手册.docx,840.docx
docx_math/2020—2021上二年级数学评分意见202012.docx,950.docx
docx_math/2020-2021学年上学期期末三年级数学答案.docx,1019.docx
docx_math/2022年新高考数学必刷压轴题含答案（二）.docx,1106.docx
docx_math/2122.docx,1107.docx
docx_math/3.复杂盈亏问题作业【公众号：鸡娃饲料】.docx,1108.docx
docx_math/3-2020-2021小数三上.docx,1109.docx
docx_math/3年级数学参考答案.docx,1110.docx
docx_math/9-2017年预赛参考答案.docx,1111.docx
docx_math/99广东高考.docx,1112.docx
docx_math/99广东高考答案.docx,1113.docx
docx_math/ZXXK2006682051129192.docx,1115.docx
docx_math/ZXXK200669152983395.docx,1116.docx
docx_math/安徽-word解析.docx,1117.docx
docx_math/安徽-扫描真题+答案.docx,1118.docx
docx_math/安徽省宣城市宣州区数学二年级2020-2021学年上学期期末教学质量检测（苏教版，含答案）.docx,1119.docx
docx_math/安徽省宣城市宣州区数学一年级2020-2021学年上学期期末教学质量检测（苏教版，含答案）.docx,1120.docx
docx_math/北京（理）.docx,1121.docx
docx_math/北京-word解析.docx,1122.docx
docx_math/北师大版六年级数学下册全册同步练习+总复习练习64页.docx,1134.docx
docx_math/北师大版小学六年级下册数学第二单元《比例》同步检测1（附答案）.docx,1238.docx
docx_math/北师大版小学六年级下册数学第二单元《比例》同步检测2（附答案）.docx,1239.docx
docx_math/北师大版小学六年级下册数学第四单元《正比例和反比例——变化的量》同步检测1（附答案）.docx,1240.docx
docx_math/北师大版小学六年级下册数学第四单元《正比例和反比例——变化的量》同步检测2（附答案）.docx,1241.docx
docx_math/北师大版小学六年级下册数学第四单元《正比例和反比例——反比例》同步检测1（附答案）.docx,1242.docx
docx_math/北师大版小学六年级下册数学第四单元《正比例和反比例——反比例》同步检测2（附答案）.docx,1243.docx
docx_math/北师大版小学六年级下册数学第四单元《正比例和反比例——画一画》同步检测1（附答案）.docx,1244.docx
docx_math/北师大版小学六年级下册数学第四单元《正比例和反比例——画一画》同步检测2（附答案）（网资源）.docx,1245.docx
docx_math/北师大版小学六年级下册数学第四单元《正比例和反比例——图形的放大和缩小》同步检测1（附答案）（网资源）.docx,1246.docx
docx_math/北师大版小学六年级下册数学第四单元《正比例和反比例——正比例》同步检测2（附答案）.docx,1247.docx
docx_math/北师大版小学六年级下册数学第一单元《圆柱和圆锥——圆柱的表面积》同步检测1（附答案）.docx,1252.docx
docx_math/北师大版小学六年级下册数学第一单元《圆柱和圆锥——圆柱的表面积》同步检测2（附答案）.docx,1253.docx
docx_math/北师大版小学六年级下册数学第一单元《圆柱和圆锥——圆柱的体积》同步检测1（附答案）.docx,1254.docx
docx_math/北师大版小学六年级下册数学第一单元《圆柱和圆锥——圆柱的体积》同步检测2（附答案）.docx,1255.docx
docx_math/北师大版小学六年级下册数学第一单元《圆柱和圆锥——圆锥的体积》同步检测1（附答案）（网资源）.docx,1256.docx
docx_math/北师大版小学六年级下册数学第一单元《圆柱和圆锥——圆锥的体积》同步检测2（附答案）.docx,1257.docx
docx_math/北师大版小学三年级下册数学第六单元《认识分数——比大小》同步检测1（附答案）.docx,1265.docx
docx_math/北师大版小学三年级下册数学第六单元《认识分数——比大小》同步检测2（附答案）.docx,1266.docx
docx_math/北师大版小学三年级下册数学第六单元《认识分数——吃西瓜》同步检测1（附答案）.docx,1267.docx
docx_math/北师大版小学三年级下册数学第六单元《认识分数——吃西瓜》同步检测2（附答案）.docx,1268.docx
docx_math/北师大版小学三年级下册数学第六单元《认识分数——分一分（二）》同步检测1（附答案）.docx,1269.docx
docx_math/北师大版小学三年级下册数学第六单元《认识分数——分一分（二）》同步检测2（附答案）.docx,1270.docx
docx_math/北师大版小学三年级下册数学第六单元《认识分数——分一分（一）》同步检测1（附答案）.docx,1271.docx
docx_math/北师大版小学三年级下册数学第六单元《认识分数——分一分（一）》同步检测2（附答案）.docx,1272.docx
docx_math/北师大版小学三年级下册数学第三单元《乘法——找规律》同步检测1（附答案）.docx,1278.docx
docx_math/北师大版小学三年级下册数学第三单元《乘法——找规律》同步检测2（附答案）.docx,1279.docx
docx_math/北师大版小学三年级下册数学第五单元《面积——什么是面积》同步检测1（附答案）.docx,1285.docx
docx_math/北师大版小学三年级下册数学第五单元《面积——什么是面积》同步检测2（附答案）.docx,1286.docx
docx_math/北师大版小学四年级下册数学第二单元《认识三角形和四边形——三角形分类》同步检测（附答案）.docx,1312.docx
docx_math/北师大版小学四年级下册数学第二单元《认识三角形和四边形——四边形分类》同步检测1（附答案）.docx,1313.docx
docx_math/北师大版小学四年级下册数学第二单元《认识三角形和四边形——四边形分类》同步检测2（附答案）.docx,1314.docx
docx_math/北师大版小学四年级下册数学第二单元《认识三角形和四边形——探索与发现--三角形边的关系》同步检测1（附答案）.docx,1315.docx
docx_math/北师大版小学四年级下册数学第二单元《认识三角形和四边形——探索与发现--三角形边的关系》同步检测2（附答案）.docx,1316.docx
docx_math/北师大版小学四年级下册数学第二单元《认识三角形和四边形——探索与发现--三角形内角和》同步检测1（附答案）.docx,1317.docx
docx_math/北师大版小学四年级下册数学第二单元《认识三角形和四边形——探索与发现--三角形内角和》同步检测2（附答案）.docx,1318.docx
docx_math/北师大版小学四年级下册数学第二单元《认识三角形和四边形——探索与发现--三角形内角和》同步检测3（附答案）.docx,1319.docx
docx_math/北师大版小学四年级下册数学第二单元《认识三角形和四边形——图形分类》同步检测（附答案）.docx,1320.docx
docx_math/北师大版小学四年级下册数学第三单元《小数乘法——包装》同步检测1（附答案）.docx,1325.docx
docx_math/北师大版小学四年级下册数学第三单元《小数乘法——包装》同步检测2（附答案）.docx,1326.docx
docx_math/北师大版小学四年级下册数学第三单元《小数乘法——街心广场》同步检测1（附答案）.docx,1327.docx
docx_math/北师大版小学四年级下册数学第三单元《小数乘法——街心广场》同步检测2（附答案）.docx,1328.docx
docx_math/北师大版小学四年级下册数学第三单元《小数乘法——买文具》同步检测1（附答案）.docx,1329.docx
docx_math/北师大版小学四年级下册数学第三单元《小数乘法——买文具》同步检测2（附答案）.docx,1330.docx
docx_math/北师大版小学四年级下册数学第三单元《小数乘法——手拉手》同步检测1（附答案）.docx,1331.docx
docx_math/北师大版小学四年级下册数学第三单元《小数乘法——手拉手》同步检测2（附答案）.docx,1332.docx
docx_math/北师大版小学四年级下册数学第三单元《小数乘法——小数点搬家》同步检测1（附答案）.docx,1333.docx
docx_math/北师大版小学四年级下册数学第三单元《小数乘法——小数点搬家》同步检测2（附答案）.docx,1334.docx
docx_math/北师大版小学四年级下册数学第三单元《小数乘法——小数点搬家》同步检测3（附答案）.docx,1335.docx
docx_math/北师大版小学四年级下册数学第五单元《认识方程——猜数游戏》同步检测（附答案）（网资源）.docx,1340.docx
docx_math/北师大版小学四年级下册数学第五单元《认识方程——字母表示数》同步检测1（附答案）.docx,1341.docx
docx_math/北师大版小学四年级下册数学第五单元《认识方程——字母表示数》同步检测2（附答案）.docx,1342.docx
docx_math/北师大版小学四年级下册数学第五单元《认识方程——字母表示数》同步检测3（附答案）.docx,1343.docx
docx_math/北师大版小学四年级下册数学第一单元《小数的意义和加减法——比大小》同步检测1（附答案）.docx,1348.docx
docx_math/北师大版小学四年级下册数学第一单元《小数的意义和加减法——比大小》同步检测2（附答案）.docx,1349.docx
docx_math/北师大版小学四年级下册数学第一单元《小数的意义和加减法——小数的意义》同步检测1（附答案）（网资源）.docx,1350.docx
docx_math/北师大版小学四年级下册数学第一单元《小数的意义和加减法——小数的意义》同步检测2（附答案）（网资源）.docx,1351.docx
docx_math/北师大版小学五年级上册数学第1单元《小数除法》单元检测1（附答案）.docx,1352.docx
docx_math/北师大版小学五年级上册数学第1单元《小数除法》单元检测2（附答案）.docx,1353.docx
docx_math/北师大版小学五年级上册数学第1单元《小数除法——精打细算》同步检测1（附答案）（网资源）.docx,1354.docx
docx_math/北师大版小学五年级上册数学第1单元《小数除法——精打细算》同步检测2（附答案）（网资源）.docx,1355.docx
docx_math/北师大版小学五年级上册数学第1单元《小数除法——人民币兑换》同步检测1（附答案）（网资源）.docx,1356.docx
docx_math/北师大版小学五年级上册数学第1单元《小数除法——人民币兑换》同步检测2（附答案）（网资源）.docx,1357.docx
docx_math/北师大版小学五年级上册数学第1单元《小数除法——谁打电话的时间长》同步检测1（附答案）（网资源）.docx,1358.docx
docx_math/北师大版小学五年级上册数学第1单元《小数除法——谁打电话的时间长》同步检测2（附答案）（网资源）.docx,1359.docx
docx_math/北师大版小学五年级上册数学第3单元《倍数与因数》单元检测1（附答案）.docx,1360.docx
docx_math/北师大版小学五年级上册数学第3单元《倍数与因数》单元检测2（附答案）.docx,1361.docx
docx_math/北师大版小学五年级上册数学第5单元《分数的意义》单元检测1（附答案）.docx,1362.docx
docx_math/北师大版小学五年级上册数学第6单元《组合图形的面积——成长的脚印》同步检测1（附答案）（网资源）.docx,1363.docx
docx_math/北师大版小学五年级上册数学第6单元《组合图形的面积——组合图形的面积》同步检测1（附答案）（网资源）.docx,1364.docx
docx_math/北师大版小学五年级上册数学第7单元《可能性——摸球游戏》同步检测1（附答案）（网资源）.docx,1365.docx
docx_math/北师大版小学五年级下册数学第二单元《长方体（一）——露在外面的面》同步检测1（附答案）.docx,1370.docx
docx_math/北师大版小学五年级下册数学第二单元《长方体（一）——露在外面的面》同步检测2（附答案）.docx,1371.docx
docx_math/北师大版小学五年级下册数学第二单元《长方体（一）——展开与折叠》同步检测1（附答案）.docx,1372.docx
docx_math/北师大版小学五年级下册数学第二单元《长方体（一）——展开与折叠》同步检测2（附答案）（.docx,1373.docx
docx_math/北师大版小学五年级下册数学第二单元《长方体（一）——长方体的表面积》同步检测1（附答案）.docx,1374.docx
docx_math/北师大版小学五年级下册数学第二单元《长方体（一）——长方体的表面积》同步检测2（附答案）.docx,1375.docx
docx_math/北师大版小学五年级下册数学第二单元《长方体（一）——长方体的认识》同步检测1（附答案）.docx,1376.docx
docx_math/北师大版小学五年级下册数学第二单元《长方体（一）——长方体的认识》同步检测2（附答案）.docx,1377.docx
docx_math/北师大版小学五年级下册数学第四单元《长方体（二）——体积单位》同步检测1（附答案）.docx,1383.docx
docx_math/北师大版小学五年级下册数学第四单元《长方体（二）——体积单位》同步检测2（附答案）.docx,1384.docx
docx_math/北师大版小学五年级下册数学第四单元《长方体（二）——体积与容积》同步检测1（附答案）.docx,1385.docx
docx_math/北师大版小学五年级下册数学第四单元《长方体（二）——体积与容积》同步检测2（附答案）.docx,1386.docx
docx_math/北师大版小学五年级下册数学第四单元《长方体（二）——有趣的测量》同步检测1（附答案））.docx,1387.docx
docx_math/北师大版小学五年级下册数学第四单元《长方体（二）——有体积单位的换算》同步检测1（附答案）.docx,1388.docx
docx_math/北师大版小学五年级下册数学第四单元《长方体（二）——有体积单位的换算》同步检测2（附答案）.docx,1389.docx
docx_math/北师大版小学五年级下册数学第四单元《长方体（二）——长方体的体积》同步检测1（附答案）.docx,1390.docx
docx_math/北师大版小学五年级下册数学第四单元《长方体（二）——长方体的体积》同步检测2（附答案）.docx,1391.docx
docx_math/北师大版小学五年级下册数学第五单元《分数除法——分数除法（二）》同步检测1（附答案）.docx,1396.docx
docx_math/北师大版小学五年级下册数学第五单元《分数除法——分数除法（二）》同步检测2（附答案）.docx,1397.docx
docx_math/北师大版小学五年级下册数学第五单元《分数除法——分数除法（三）》同步检测1（附答案）.docx,1398.docx
docx_math/北师大版小学五年级下册数学第五单元《分数除法——分数除法（三）》同步检测2（附答案）.docx,1399.docx
docx_math/北师大版小学五年级下册数学第五单元《分数除法——分数除法（一）》同步检测1（附答案）.docx,1400.docx
docx_math/北师大版小学五年级下册数学第五单元《分数除法——分数除法（一）》同步检测2（附答案）.docx,1401.docx
docx_math/北师大版小学一年级下册数学第六单元《加与减（三）——跳绳》同步检测1（附答案）（网资源）.docx,1403.docx
docx_math/北师大版小学一年级下册数学第六单元《加与减（三）——图书馆》同步检测1（附答案）（网资源）.docx,1404.docx
docx_math/北师大版小学一年级下册数学第六单元《加与减（三）——图书馆》同步检测2（附答案）（网资源）.docx,1405.docx
docx_math/北师大版小学一年级下册数学第三单元《生活中的数——数豆子》同步检测1（附答案）（网资源）.docx,1407.docx
docx_math/北师大版小学一年级下册数学第四单元《有趣的图形——动手做（二）》同步检测1（附答案）（网资源）.docx,1410.docx
docx_math/北师大版小学一年级下册数学第四单元《有趣的图形——动手做（三）》同步检测1（附答案）（网资源）.docx,1411.docx
docx_math/北师大版小学一年级下册数学第四单元《有趣的图形——动手做（一）》同步检测1（附答案）（网资源）.docx,1412.docx
docx_math/北师大版小学一年级下册数学第四单元《有趣的图形——认识图形》同步检测1（附答案）（网资源）.docx,1413.docx
docx_math/北师大版小学一年级下册数学第五单元《加与减（二）——拔萝卜》同步检测1（附答案）（网资源）.docx,1414.docx
docx_math/北师大版小学一年级下册数学第五单元《加与减（二）——采松果》同步检测1（附答案）（网资源）.docx,1415.docx
docx_math/北师大版小学一年级下册数学第五单元《加与减（二）——回收废品》同步检测1（附答案）（网资源）.docx,1416.docx
docx_math/北师大版小学一年级下册数学第五单元《加与减（二）——青蛙吃害虫》同步检测1（附答案）（网资源）.docx,1417.docx
docx_math/北师大版小学一年级下册数学第五单元《加与减（二）——小兔请客》同步检测2（附答案）（网资源）.docx,1418.docx
docx_math/本题满分12分.docx,1427.docx
docx_math/乘除法的拼拆法进阶作业【公众号：鸡娃饲料】.docx,1428.docx
docx_math/初升高自招题型汇编（教师版，32页）.docx,1429.docx
docx_math/初升高自招题型汇编（学生版，28页）.docx,1430.docx
docx_math/初中考高中理科实验班培训专用实战训练题（八）（含答案）.docx,1431.docx
docx_math/初中考高中理科实验班培训专用实战训练题（二）（含答案）.docx,1432.docx
docx_math/初中考高中理科实验班培训专用实战训练题（九）（含答案）.docx,1433.docx
docx_math/初中考高中理科实验班培训专用实战训练题（六）（含答案）.docx,1434.docx
docx_math/初中考高中理科实验班培训专用实战训练题（三）（含答案）.docx,1435.docx
docx_math/初中考高中理科实验班培训专用实战训练题（十）（含答案）.docx,1436.docx
docx_math/初中考高中理科实验班培训专用实战训练题（五）（含答案）.docx,1437.docx
docx_math/初中考高中理科实验班培训专用实战训练题（一）（含答案）.docx,1438.docx
docx_math/初中考高中理科实验班培训专用实战训练题10套（含答案）.docx,1439.docx
docx_math/答案.docx,1440.docx
docx_math/等差数列【公众号：鸡娃饲料】.docx,1441.docx
docx_math/第1讲.基础-提高-尖子-超常预备班.教师版.docx,1442.docx
docx_math/第2讲.基础-提高-尖子-超常预备班.教师版.docx,1443.docx
docx_math/第4讲.基础-提高-尖子-超常班.教师版.docx,1444.docx
docx_math/第5讲.基础-提高-尖子-超常预备班.教师版.docx,1445.docx
docx_math/第6讲.基础-提高-尖子-超常预备班.教师版.docx,1446.docx
docx_math/第7讲.基础-提高-尖子-超常预备班.教师版.docx,1447.docx
docx_math/第8讲.基础-提高-尖子-超常预备班.教师版.docx,1448.docx
docx_math/二年级数学参考答案.docx,1449.docx
docx_math/二年级数学答案.docx,1450.docx
docx_math/二年级数学期末答案2021.1.docx,1451.docx
docx_math/二年级下册数学一课一练-《1分有多长》1北师大版.docx,1456.docx
docx_math/二年级下册数学一课一练-《1分有多长》2北师大版.docx,1457.docx
docx_math/二年级下册数学一课一练-《1分有多长》3北师大版.docx,1458.docx
docx_math/二年级下册数学一课一练-《1千米有多长》1北师大版.docx,1459.docx
docx_math/二年级下册数学一课一练-《1千米有多长》2北师大版.docx,1460.docx
docx_math/二年级下册数学一课一练-《1千米有多长》3北师大版.docx,1461.docx
docx_math/二年级下册数学一课一练-《奥运开幕》1北师大版.docx,1462.docx
docx_math/二年级下册数学一课一练-《奥运开幕》2北师大版.docx,1463.docx
docx_math/二年级下册数学一课一练-《奥运开幕》3北师大版.docx,1464.docx
docx_math/二年级下册数学一课一练-《比一比》1北师大版.docx,1465.docx
docx_math/二年级下册数学一课一练-《比一比》2北师大版.docx,1466.docx
docx_math/二年级下册数学一课一练-《比一比》3北师大版.docx,1467.docx
docx_math/二年级下册数学一课一练-《辨认方向》1北师大版.docx,1468.docx
docx_math/二年级下册数学一课一练-《辨认方向》2北师大版.docx,1469.docx
docx_math/二年级下册数学一课一练-《辨认方向》3北师大版.docx,1470.docx
docx_math/二年级下册数学一课一练-《拨一拨》1北师大版.docx,1471.docx
docx_math/二年级下册数学一课一练-《拨一拨》2北师大版.docx,1472.docx
docx_math/二年级下册数学一课一练-《拨一拨》3北师大版.docx,1473.docx
docx_math/二年级下册数学一课一练-《搭一搭（二）》1北师大版.docx,1474.docx
docx_math/二年级下册数学一课一练-《搭一搭（二）》2北师大版.docx,1475.docx
docx_math/二年级下册数学一课一练-《搭一搭（二）》3北师大版.docx,1476.docx
docx_math/二年级下册数学一课一练-《搭一搭（二）》4北师大版.docx,1477.docx
docx_math/二年级下册数学一课一练-《搭一搭（二）》5北师大版（.docx,1478.docx
docx_math/二年级下册数学一课一练-《搭一搭（二）》6北师大版）.docx,1479.docx
docx_math/二年级下册数学一课一练-《搭一搭（一）》1北师大版.docx,1480.docx
docx_math/二年级下册数学一课一练-《搭一搭（一）》2北师大版.docx,1481.docx
docx_math/二年级下册数学一课一练-《搭一搭（一）》3北师大版.docx,1482.docx
docx_math/二年级下册数学一课一练-《搭一搭（一）》4北师大版.docx,1483.docx
docx_math/二年级下册数学一课一练-《搭一搭（一）》5北师大版.docx,1484.docx
docx_math/二年级下册数学一课一练-《搭一搭（一）》6北师大版.docx,1485.docx
docx_math/二年级下册数学一课一练-《东南西北》1北师大版.docx,1486.docx
docx_math/二年级下册数学一课一练-《东南西北》2北师大版.docx,1487.docx
docx_math/二年级下册数学一课一练-《分草莓》1北师大版.docx,1488.docx
docx_math/二年级下册数学一课一练-《分草莓》2北师大版.docx,1489.docx
docx_math/二年级下册数学一课一练-《分草莓》3北师大版.docx,1490.docx
docx_math/二年级下册数学一课一练-《分苹果》1北师大版.docx,1491.docx
docx_math/二年级下册数学一课一练-《分苹果》2北师大版.docx,1492.docx
docx_math/二年级下册数学一课一练-《分苹果》3北师大版.docx,1493.docx
docx_math/二年级下册数学一课一练-《回收废电池》2北师大版.docx,1494.docx
docx_math/二年级下册数学一课一练-《买电器》1北师大版.docx,1495.docx
docx_math/二年级下册数学一课一练-《买电器》2北师大版.docx,1496.docx
docx_math/二年级下册数学一课一练-《平行四边形》1北师大版.docx,1497.docx
docx_math/二年级下册数学一课一练-《平行四边形》2北师大版.docx,1498.docx
docx_math/二年级下册数学一课一练-《平行四边形》3北师大版.docx,1499.docx
docx_math/二年级下册数学一课一练-《评选吉祥物》1北师大版.docx,1500.docx
docx_math/二年级下册数学一课一练-《评选吉祥物》2北师大版.docx,1501.docx
docx_math/二年级下册数学一课一练-《评选吉祥物》3北师大版.docx,1502.docx
docx_math/二年级下册数学一课一练-《铅笔有多长》1北师大版.docx,1503.docx
docx_math/二年级下册数学一课一练-《铅笔有多长》2北师大版.docx,1504.docx
docx_math/二年级下册数学一课一练-《认识角》1北师大版.docx,1505.docx
docx_math/二年级下册数学一课一练-《认识角》2北师大版.docx,1506.docx
docx_math/二年级下册数学一课一练-《认识角》3北师大版）.docx,1507.docx
docx_math/二年级下册数学一课一练-《认识直角》1北师大版.docx,1508.docx
docx_math/二年级下册数学一课一练-《认识直角》2北师大版.docx,1509.docx
docx_math/二年级下册数学一课一练-《认识直角》3北师大版.docx,1510.docx
docx_math/二年级下册数学一课一练-《十年的变化》1北师大版.docx,1511.docx
docx_math/二年级下册数学一课一练-《十年的变化》2北师大版.docx,1512.docx
docx_math/二年级下册数学一课一练-《算得对吗》1北师大版.docx,1513.docx
docx_math/二年级下册数学一课一练-《算得对吗》2北师大版.docx,1514.docx
docx_math/二年级下册数学一课一练-《淘气的作息时间》1北师大版.docx,1515.docx
docx_math/二年级下册数学一课一练-《淘气的作息时间》2北师大版.docx,1516.docx
docx_math/二年级下册数学一课一练-《淘气的作息时间》3北师大版.docx,1517.docx
docx_math/二年级下册数学一课一练-《小蝌蚪的成长》1北师大版.docx,1518.docx
docx_math/二年级下册数学一课一练-《小蝌蚪的成长》2北师大版.docx,1519.docx
docx_math/二年级下册数学一课一练-《小小图书馆》1北师大版.docx,1520.docx
docx_math/二年级下册数学一课一练-《小小图书馆》2北师大版.docx,1521.docx
docx_math/二年级下册数学一课一练-《小小图书馆》3北师大版.docx,1522.docx
docx_math/二年级下册数学一课一练-《欣赏与设计》1北师大版.docx,1523.docx
docx_math/二年级下册数学一课一练-《有多少个字》1北师大版.docx,1524.docx
docx_math/二年级下册数学一课一练-《有多少个字》2北师大版.docx,1525.docx
docx_math/二年级下册数学一课一练-《有多少个字》3北师大版.docx,1526.docx
docx_math/二年级下册数学一课一练-《长方形与正方形》1北师大版.docx,1527.docx
docx_math/二年级下册数学一课一练-《长方形与正方形》2北师大版.docx,1528.docx
docx_math/二年级下册数学一课一练-《租船》1北师大版.docx,1529.docx
docx_math/二年级下册数学一课一练-《租船》2北师大版.docx,1530.docx
docx_math/二年级下册数学一课一练-《租船》3北师大版.docx,1531.docx
docx_math/二年级下册数学一课一练-《最喜欢的水果》1北师大版.docx,1532.docx
docx_math/二年级下册数学一课一练-《最喜欢的水果》2北师大版.docx,1533.docx
docx_math/二年级下册数学一课一练-《最喜欢的水果》3北师大版.docx,1534.docx
docx_math/二年级下册数学一课一练-分草莓1北师大版.docx,1535.docx
docx_math/二年级下册数学一课一练-分苹果-1北师大版.docx,1536.docx
docx_math/二年级下册数学一课一练分苹果-2北师大版.docx,1537.docx
docx_math/二年级下册数学一课一练分苹果-3北师大版.docx,1538.docx
docx_math/二年级下册数学一课一练-数一数（二）1北师大版.docx,1539.docx
docx_math/二年级下册数学一课一练-数一数（二）2北师大版.docx,1540.docx
docx_math/二年级下册数学一课一练-数一数（二）3北师大版.docx,1541.docx
docx_math/二年级下册数学一课一练-数一数（一）1北师大版.docx,1542.docx
docx_math/二年级下册数学一课一练-数一数（一）2北师大版.docx,1543.docx
docx_math/二年级下册数学一课一练-数一数（一）3北师大版.docx,1544.docx
docx_math/二年级下数学一课一练-比一比-北师大版.docx,1545.docx
docx_math/二年级下数学一课一练-分苹果-北师大版.docx,1546.docx
docx_math/二年级下数学一课一练-混合运算-通用版.docx,1547.docx
docx_math/分数练习【公众号：鸡娃饲料】.docx,1548.docx
docx_math/福建-word解析.docx,1549.docx
docx_math/甘肃天水-word解析.docx,1555.docx
docx_math/高考数学（文科）.docx,1556.docx
docx_math/高考数学100个高频考点押题教案.docx,1557.docx
docx_math/高考数学100个提醒.docx,1558.docx
docx_math/高考数学复习方法.docx,1560.docx
docx_math/高考数学难点突破_难点__函数中的综合问题.docx,1564.docx
docx_math/高考数学选择题专项训练（八）.docx,1565.docx
docx_math/高考数学选择题专项训练（二）.docx,1566.docx
docx_math/高考数学选择题专项训练（九）.docx,1567.docx
docx_math/高考数学选择题专项训练（六）.docx,1568.docx
docx_math/高考数学选择题专项训练（七）.docx,1569.docx
docx_math/高考数学选择题专项训练（三）.docx,1570.docx
docx_math/高考数学选择题专项训练（十）.docx,1571.docx
docx_math/高考数学选择题专项训练（四）.docx,1572.docx
docx_math/高考数学选择题专项训练（五）.docx,1573.docx
docx_math/高考数学选择题专项训练（一）.docx,1574.docx
docx_math/高考数学选择填空题解题技巧——十种武器.docx,1575.docx
docx_math/高考数学知识点总结精华版.docx,1576.docx
docx_math/高考数学专题复习_椭圆.docx,1577.docx
docx_math/高中高考数学易错易混易忘题分类汇总及解析.docx,1579.docx
docx_math/高中数学12个答题模板！掌握了，数学140分没问题！.docx,1580.docx
docx_math/高中数学常用公式及常用结论.docx,1581.docx
docx_math/高中数学函数知识点梳理.docx,1582.docx
docx_math/高中数学基础知识汇总.docx,1583.docx
docx_math/高中数学基础知识扫描.docx,1584.docx
docx_math/高中数学解题思想方法全部内容.docx,1585.docx
docx_math/高中数学解题中的21个典型方法与技巧.docx,1586.docx
docx_math/工程问题2【公众号：鸡娃饲料】.docx,1588.docx
docx_math/广东1.docx,1589.docx
docx_math/广东-Word解析.docx,1590.docx
docx_math/广东广州-扫描真题.docx,1591.docx
docx_math/广东化学.docx,1592.docx
docx_math/广东深圳-word解析.docx,1593.docx
docx_math/广西北部湾-word解析.docx,1598.docx
docx_math/广西玉林-word解析.docx,1602.docx
docx_math/贵州贵阳-word解析.docx,1604.docx
docx_math/贵州黔东南-word解析.docx,1605.docx
docx_math/贵州黔东南-扫描真题+答案.docx,1606.docx
docx_math/贵州黔西南-word解析.docx,1607.docx
docx_math/贵州铜仁-word解析.docx,1610.docx
docx_math/贵州遵义-word解析.docx,1611.docx
docx_math/海南-word解析.docx,1612.docx
docx_math/河北-word解析.docx,1613.docx
docx_math/河北省衡水市衡水中学2018届高三年级第一次月考理科数学（解析版）.docx,1616.docx
docx_math/河南-word解析.docx,1633.docx
docx_math/河南-扫描真题+答案.docx,1634.docx
docx_math/黑龙江哈尔滨-word解析.docx,1651.docx
docx_math/黑龙江龙东地区-word解析.docx,1652.docx
docx_math/黑龙江齐齐哈尔市、黑河市、大兴安岭-word解析.docx,1653.docx
docx_math/黑龙江绥化-word解析.docx,1657.docx
docx_math/黑龙江绥化-扫描真题+答案.docx,1658.docx
docx_math/湖北鄂州-word解析.docx,1659.docx
docx_math/湖北恩施-word解析.docx,1660.docx
docx_math/湖北恩施-扫描真题.docx,1661.docx
docx_math/湖北黄冈-word解析.docx,1662.docx
docx_math/湖北黄石-word解析.docx,1663.docx
docx_math/湖北荆门-word解析.docx,1664.docx
docx_math/湖北荆州-word解析.docx,1665.docx
docx_math/湖北十堰-word解析.docx,1673.docx
docx_math/湖北天门、仙桃、潜江、江汉油田-word解析.docx,1674.docx
docx_math/湖北天门、仙桃、潜江、江汉油田-扫描真题.docx,1675.docx
docx_math/湖北武汉-word解析.docx,1676.docx
docx_math/湖北咸宁-word解析.docx,1677.docx
docx_math/湖北襄阳-word解析.docx,1678.docx
docx_math/湖北孝感-word解析.docx,1679.docx
docx_math/湖北宜昌-word解析.docx,1680.docx
docx_math/湖南常德-word解析.docx,1681.docx
docx_math/湖南郴州-word.docx,1682.docx
docx_math/湖南郴州-扫描真题.docx,1683.docx
docx_math/湖南衡阳-word解析.docx,1684.docx
docx_math/湖南娄底-扫描真题.docx,1685.docx
docx_math/湖南邵阳-word解析.docx,1686.docx
docx_math/湖南湘西-word解析.docx,1695.docx
docx_math/湖南湘西-扫描真题+答案.docx,1696.docx
docx_math/湖南永州-扫描真题.docx,1697.docx
docx_math/湖南岳阳-word解析.docx,1698.docx
docx_math/湖南张家界-word解析.docx,1699.docx
docx_math/湖南长沙-word解析.docx,1700.docx
docx_math/几何复习课作业【公众号：鸡娃饲料】.docx,1705.docx
docx_math/江苏淮安-word解析.docx,1706.docx
docx_math/江苏连云港-word解析.docx,1707.docx
docx_math/江苏南京-word解析.docx,1708.docx
docx_math/江苏南京-扫描真题+答案.docx,1709.docx
docx_math/江苏苏州-word解析.docx,1719.docx
docx_math/江苏泰州-word解析.docx,1720.docx
docx_math/江苏无锡-word解析.docx,1721.docx
docx_math/江苏徐州-word解析.docx,1722.docx
docx_math/江苏盐城-word解析.docx,1723.docx
docx_math/江苏扬州-word解析.docx,1724.docx
docx_math/江西-word解析.docx,1725.docx
docx_math/江西理科.docx,1726.docx
docx_math/解方程【公众号：鸡娃饲料】.docx,1728.docx
docx_math/进阶求和5作业【公众号：鸡娃饲料】.docx,1729.docx
docx_math/九科真题分类汇编下载.docx,1836.docx
docx_math/九年级数学下学期自主招生习题.docx,1838.docx
docx_math/考研数学重点及难点归纳辅导笔记.docx,1841.docx
docx_math/课后作业.docx,1842.docx
docx_math/理科综合.docx,1843.docx
docx_math/理数5答案.docx,1844.docx
docx_math/理数6答案.docx,1845.docx
docx_math/理数7答案.docx,1846.docx
docx_math/理数8答案.docx,1847.docx
docx_math/理数9附加题答案.docx,1848.docx
docx_math/理综.docx,1850.docx
docx_math/辽宁抚顺、本溪、辽阳-word解析.docx,1851.docx
docx_math/辽宁抚顺、本溪、辽阳-扫描真题.docx,1852.docx
docx_math/辽宁营口-word解析.docx,1856.docx
docx_math/辽宁营-扫描真题+答案.docx,1857.docx
docx_math/列方程解应用题【公众号：鸡娃饲料】.docx,1858.docx
docx_math/领取更多免费同步教辅资源.docx,1859.docx
docx_math/内蒙古通辽-扫描真题+答案.docx,1867.docx
docx_math/宁夏-word解析.docx,1868.docx
docx_math/青海-word解析.docx,1869.docx
docx_math/求余【公众号：鸡娃饲料】.docx,1871.docx
docx_math/全国1理科.docx,1872.docx
docx_math/全国1文科.docx,1873.docx
docx_math/全国II.理.docx,1874.docx
docx_math/全国初中数学竞赛辅导（初二分册）.docx,1875.docx
docx_math/三年级数学答案.docx,1876.docx
docx_math/山东滨州-word解析.docx,1885.docx
docx_math/山东德州-word解析.docx,1886.docx
docx_math/山东德州-扫描真题+答案.docx,1887.docx
docx_math/山东东营-word解析.docx,1888.docx
docx_math/山东菏泽-word解析.docx,1889.docx
docx_math/山东济宁-word解析.docx,1890.docx
docx_math/山东济宁-扫描真题+答案.docx,1891.docx
docx_math/山东聊城-word解析.docx,1892.docx
docx_math/山东聊城-扫描真题+答案.docx,1893.docx
docx_math/山东青岛-word解析.docx,1894.docx
docx_math/山东泰安-word解析.docx,1917.docx
docx_math/山东威海-word解析.docx,1918.docx
docx_math/山东潍坊-word解析.docx,1919.docx
docx_math/山东潍坊-扫描真题+答案.docx,1920.docx
docx_math/山东枣庄-word解析.docx,1921.docx
docx_math/山西-word解析.docx,1922.docx
docx_math/山西省大同市灵丘县数学一年级2020-2021学年上学期期末教学质量检测（苏教版，图片版，无答案）.docx,1923.docx
docx_math/陕西-word解析.docx,1925.docx
docx_math/陕西-扫描真题+答案.docx,1926.docx
docx_math/上海-word解析.docx,1928.docx
docx_math/数学.docx,1930.docx
docx_math/数学二级结论高考的应用.docx,1932.docx
docx_math/数学干货数列专题.docx,1933.docx
docx_math/数学理.docx,1934.docx
docx_math/数学破题27个大招.docx,1935.docx
docx_math/数学全套知识点之死亡76问.docx,1936.docx
docx_math/数学文.docx,1937.docx
docx_math/四川成都-word解析.docx,1938.docx
docx_math/四川达州-word解析.docx,1939.docx
docx_math/四川甘孜州-word解析.docx,1940.docx
docx_math/四川乐山-word解析.docx,1941.docx
docx_math/四川凉山州-word解析.docx,1942.docx
docx_math/四川南充-word解析.docx,1943.docx
docx_math/四川南充-扫描真题+答案.docx,1944.docx
docx_math/四川内江-word解析.docx,1945.docx
docx_math/四川遂宁-word解析.docx,1956.docx
docx_math/四川宜宾-word解析.docx,1957.docx
docx_math/四川宜宾-扫描真题.docx,1958.docx
docx_math/四川自贡-word解析.docx,1959.docx
docx_math/天津-word解析.docx,1960.docx
docx_math/挑战高考压轴题，圆锥曲线满分之路.docx,1963.docx
docx_math/挑战中考数学压轴题（190页）.docx,1964.docx
docx_math/条件概率知识点、例题、练习题.docx,1965.docx
docx_math/椭圆二级结论大全.docx,1966.docx
docx_math/椭圆相关的综合问题（18页）.docx,1967.docx
docx_math/文科综合.docx,1971.docx
docx_math/文综.docx,1972.docx
docx_math/五年级暑期第五讲_第一阶段综合能力反馈_超常体系.docx,1973.docx
docx_math/五年级暑期第五讲_第一阶段综合能力反馈_优秀体系.docx,1974.docx
docx_math/线性代数必须熟记的结论WORD打印版考研数学讲义WORD资料.docx,1980.docx
docx_math/享受解题乐趣.docx,1981.docx
docx_math/小白老师—1班—乘法中的凑整【公众号：鸡娃饲料】.docx,1982.docx
docx_math/小白老师—1班—打折应用题作业【公众号：鸡娃饲料】.docx,1983.docx
docx_math/小白老师—1班—等差数列【公众号：鸡娃饲料】.docx,1984.docx
docx_math/小白老师—1班—分析填数【公众号：鸡娃饲料】.docx,1985.docx
docx_math/小白老师—1班—基础方阵【公众号：鸡娃饲料】.docx,1986.docx
docx_math/小白老师—1班—加法中的巧算作业【公众号：鸡娃饲料】.docx,1987.docx
docx_math/小白老师—1班—竖式谜题作业【公众号：鸡娃饲料】.docx,1988.docx
docx_math/小白老师—1班—数列规律作业【公众号：鸡娃饲料】.docx,1989.docx
docx_math/小白老师—1班—图示法解应用题【公众号：鸡娃饲料】.docx,1990.docx
docx_math/小白老师—1班—图示法解应用题2【公众号：鸡娃饲料】.docx,1991.docx
docx_math/小升初数学一课一练-复合应用题闯关-通用版.docx,1995.docx
docx_math/小升初数学一课一练-工程应用题闯关-通用版.docx,1996.docx
docx_math/小升初数学一课一练-归一、归总、比例应用题闯关-通用版.docx,1997.docx
docx_math/小升初数学一课一练-还原（逆推）问题闯关-通用版.docx,1998.docx
docx_math/小升初数学一课一练-鸡兔同笼、牛吃草应用题闯关-通用版.docx,1999.docx
docx_math/小升初数学一课一练-简单应用题闯关-通用版.docx,2000.docx
docx_math/小升初数学一课一练-利息、纳税、盈亏应用题闯关-通用版.docx,2001.docx
docx_math/小升初数学一课一练-式与方程-通用版.docx,2002.docx
docx_math/小升初数学一课一练-行程应用题闯关-通用版.docx,2003.docx
docx_math/小升初数学一课一练-因数和倍数应用题闯关-通用版.docx,2004.docx
docx_math/小升初数学重点中学真题训练-工程问题篇-通用版.docx,2005.docx
docx_math/小升初数学专项解析+习题-数论篇-通用版.docx,2008.docx
docx_math/小升初数学专项训练+典型例题分析-工程篇（教师版）.docx,2012.docx
docx_math/小升初数学专项训练+典型例题分析-数论篇（教师版）.docx,2013.docx
docx_math/小升初数学专项训练+典型例题分析-找规律篇（教师版）.docx,2014.docx
docx_math/小升初数学专项训练比例百分数篇（教师版）.docx,2015.docx
docx_math/小升初数学总复习数与代数篇(有答案）.docx,2016.docx
docx_math/小升初数学总复习知识梳理+练习+答案-分数和百分数.docx,2017.docx
docx_math/小升初数学总复习知识梳理+练习+答案-数的整除-通用版.docx,2018.docx
docx_math/小升初数学总复习知识梳理+练习+答案-整数和小数的认识（部分有答案）.docx,2019.docx
docx_math/小升初知识点复习专项练习-数的运算05整数的乘法及应用-通用版（2015）.docx,2020.docx
docx_math/小升初知识点复习专项练习-数的运算06表内乘法-通用版（2015）.docx,2021.docx
docx_math/小升初知识点复习专项练习-数的运算10乘与除的互逆关系-通用版（2015）.docx,2022.docx
docx_math/小升初知识点复习专项练习-数的运算20小数乘法-通用版（2015）.docx,2023.docx
docx_math/小升初知识点复习专项练习-数的运算21小数除法-通用版（2015）.docx,2024.docx
docx_math/小学二年级数学答案.docx,2036.docx
docx_math/小学数学总复习专题训练-百分数应用题-通用版.docx,2067.docx
docx_math/小学数学总复习专题训练-利息、折扣问题-通用版.docx,2068.docx
docx_math/小学数学总复习专题训练-列方程解百分数应用题-通用版.docx,2069.docx
docx_math/新定义运算作业【公众号：鸡娃饲料】.docx,2115.docx
docx_math/新疆-word解析.docx,2116.docx
docx_math/行程问题1、2作业【公众号：鸡娃饲料】.docx,2121.docx
docx_math/行程问题复习作业【公众号：鸡娃饲料】.docx,2122.docx
docx_math/一年级下册数学一课一练-1.看一看（一）1-北师大版（网资源）.docx,2132.docx
docx_math/一年级下册数学一课一练-1.看一看（一）2-北师大版（网资源）.docx,2133.docx
docx_math/一年级下册数学一课一练-1.买铅笔1-北师大版（网资源）.docx,2134.docx
docx_math/一年级下册数学一课一练-1.买铅笔2-北师大版（网资源）.docx,2135.docx
docx_math/一年级下册数学一课一练-1.认识图形1-北师大版（网资源）.docx,2136.docx
docx_math/一年级下册数学一课一练-1.认识图形2-北师大版（网资源）.docx,2137.docx
docx_math/一年级下册数学一课一练-1.数花生1-北师大版（网资源）.docx,2138.docx
docx_math/一年级下册数学一课一练-1.数花生2-北师大版（网资源）.docx,2139.docx
docx_math/一年级下册数学一课一练-1.图书馆1-北师大版（网资源）.docx,2140.docx
docx_math/一年级下册数学一课一练-1.图书馆2-北师大版（网资源）.docx,2141.docx
docx_math/一年级下册数学一课一练-1.小兔请客1-北师大版（网资源）.docx,2142.docx
docx_math/一年级下册数学一课一练-1.小兔请客2-北师大版（网资源）.docx,2143.docx
docx_math/一年级下册数学一课一练-2.采松果1-北师大版（网资源）.docx,2144.docx
docx_math/一年级下册数学一课一练-2.采松果2-北师大版（网资源）.docx,2145.docx
docx_math/一年级下册数学一课一练-2.动手做（一）1-北师大版（网资源）.docx,2146.docx
docx_math/一年级下册数学一课一练-2.动手做（一）2-北师大版（网资源）.docx,2147.docx
docx_math/一年级下册数学一课一练-2.看一看（二）1-北师大版（网资源）.docx,2148.docx
docx_math/一年级下册数学一课一练-2.看一看（二）2-北师大版（网资源）.docx,2149.docx
docx_math/一年级下册数学一课一练-2.数一数1-北师大版（网资源）.docx,2150.docx
docx_math/一年级下册数学一课一练-2.数一数2-北师大版（网资源）.docx,2151.docx
docx_math/一年级下册数学一课一练-2.摘苹果1-北师大版（网资源）.docx,2152.docx
docx_math/一年级下册数学一课一练-2.摘苹果2-北师大版（网资源）.docx,2153.docx
docx_math/一年级下册数学一课一练-2.捉迷藏1-北师大版（网资源）.docx,2154.docx
docx_math/一年级下册数学一课一练-2.捉迷藏2-北师大版（网资源）.docx,2155.docx
docx_math/一年级下册数学一课一练-3.动手做（二）1-北师大版（网资源）.docx,2156.docx
docx_math/一年级下册数学一课一练-3.动手做（二）2-北师大版（网资源）.docx,2157.docx
docx_math/一年级下册数学一课一练-3.快乐的小鸭1-北师大版（网资源）.docx,2158.docx
docx_math/一年级下册数学一课一练-3.快乐的小鸭2-北师大版（网资源）.docx,2159.docx
docx_math/一年级下册数学一课一练-3.青蛙吃虫子1-北师大版（网资源）.docx,2160.docx
docx_math/一年级下册数学一课一练-3.青蛙吃虫子2-北师大版（网资源）.docx,2161.docx
docx_math/一年级下册数学一课一练-3.数豆子1-北师大版（网资源）.docx,2162.docx
docx_math/一年级下册数学一课一练-3.数豆子2-北师大版（网资源）.docx,2163.docx
docx_math/一年级下册数学一课一练-3.阅览室1-北师大版（网资源）.docx,2164.docx
docx_math/一年级下册数学一课一练-3.阅览室2-北师大版（网资源）.docx,2165.docx
docx_math/一年级下册数学一课一练-4.拔萝卜1-北师大版（网资源）.docx,2166.docx
docx_math/一年级下册数学一课一练-4.拔萝卜2-北师大版（网资源）.docx,2167.docx
docx_math/一年级下册数学一课一练-4.动手做（三）1-北师大版（网资源）.docx,2168.docx
docx_math/一年级下册数学一课一练-4.动手做（三）2-北师大版（网资源）.docx,2169.docx
docx_math/一年级下册数学一课一练-4.开会啦1-北师大版（网资源）.docx,2170.docx
docx_math/一年级下册数学一课一练-4.开会啦2-北师大版（网资源）.docx,2171.docx
docx_math/一年级下册数学一课一练-4.谁的红果多1-北师大版（网资源）.docx,2172.docx
docx_math/一年级下册数学一课一练-4.谁的红果多2-北师大版（网资源）.docx,2173.docx
docx_math/一年级下册数学一课一练-4.跳绳1-北师大版（网资源）.docx,2174.docx
docx_math/一年级下册数学一课一练-4.跳绳2-北师大版（网资源）.docx,2175.docx
docx_math/一年级下册数学一课一练-5.收玉米1-北师大版（网资源）.docx,2176.docx
docx_math/一年级下册数学一课一练-5.收玉米2-北师大版（网资源）.docx,2177.docx
docx_math/一年级下册数学一课一练-5.跳伞比赛1-北师大版（网资源）.docx,2178.docx
docx_math/一年级下册数学一课一练-5.跳伞比赛2-北师大版（网资源）.docx,2179.docx
docx_math/一年级下册数学一课一练-5.小小养殖场1-北师大版（网资源）.docx,2180.docx
docx_math/一年级下册数学一课一练-5.小小养殖场2-北师大版（网资源）.docx,2181.docx
docx_math/一年级下册数学一课一练-6.回收废品1-北师大版（网资源）.docx,2182.docx
docx_math/一年级下册数学一课一练-6.回收废品2-北师大版（网资源）.docx,2183.docx
docx_math/一年级下册数学一课一练-6.美丽的田园1-北师大版（网资源）.docx,2184.docx
docx_math/一年级下册数学一课一练-6.美丽的田园2-北师大版（网资源）.docx,2185.docx
docx_math/一年级下册数学一课一练-6.做个百数表1-北师大版（网资源）.docx,2186.docx
docx_math/一年级下册数学一课一练-6.做个百数表2-北师大版（网资源）.docx,2187.docx
docx_math/一年级下册数学一课一练-7.做个减法表1-北师大版（网资源）.docx,2188.docx
docx_math/一年级下册数学一课一练-7.做个减法表2-北师大版（网资源）.docx,2189.docx
docx_math/因数【公众号：鸡娃饲料】.docx,2190.docx
docx_math/圆锥曲线的综合应用（25页）.docx,2209.docx
docx_math/圆锥曲线解答题12大题型解题套路归纳.docx,2210.docx
docx_math/圆锥曲线题库200题（上篇）（113页）.docx,2211.docx
docx_math/圆锥曲线最值教师版.docx,2212.docx
docx_math/云南-扫描真题.docx,2213.docx
docx_math/浙江杭州-word解析.docx,2215.docx
docx_math/浙江湖州-word解析.docx,2216.docx
docx_math/浙江嘉兴、舟山-word解析.docx,2217.docx
docx_math/浙江金华、丽水-word解析.docx,2218.docx
docx_math/浙江宁波-word解析.docx,2219.docx
docx_math/浙江衢州-word解析.docx,2220.docx
docx_math/浙江绍兴-word解析.docx,2221.docx
docx_math/浙江台州-word解析.docx,2232.docx
docx_math/浙江温州-word解析.docx,2233.docx
docx_math/浙江温州-扫描真题+答案.docx,2234.docx
docx_math/知识梳理_函数及表示.docx,2235.docx
docx_math/致四升五学生及家长的一封信【公众号：鸡娃饲料】.docx,2236.docx
docx_math/重难点突破：平面向量题型汇编--11.27（48页）.docx,2238.docx
docx_math/周期问题：复杂周期问题作业【公众号：鸡娃饲料】.docx,2243.docx
docx_math/最新数学考点题型全归纳（1071页）.docx,2250.docx
