docx_math/（江苏徐州地区）五年级上册数学试题-2020-2021学年期末试卷（苏教版，含答案）.docx,1.docx
docx_math/（江苏徐州地区）一年级上册数学试题-2020-2021学年期末试卷（苏教版，含答案）.docx,2.docx
docx_math/（精校版）2020年北京卷数学高考试题文档版（无答案）.docx,3.docx
docx_math/（精校版）2020年江苏卷化学高考试题文档版（含答案）.docx,4.docx
docx_math/（精校版）2020年江苏卷数学高考试题文档版（含答案）.docx,5.docx
docx_math/（精校版）2020年全国卷Ⅰ理数高考试题文档版（含答案）.docx,6.docx
docx_math/（精校版）2020年全国卷Ⅰ理综高考试题文档版（无答案）.docx,7.docx
docx_math/（精校版）2020年全国卷Ⅰ理综化学高考试题文档版（含答案）.docx,8.docx
docx_math/（精校版）2020年全国卷Ⅰ文数高考试题文档版（含答案）.docx,9.docx
docx_math/（精校版）2020年全国卷Ⅰ文综高考试题文档版（含答案）.docx,10.docx
docx_math/（精校版）2020年全国卷Ⅱ理数高考试题文档版（含答案）.docx,11.docx
docx_math/（精校版）2020年全国卷Ⅱ理综高考试题文档版（含答案）.docx,12.docx
docx_math/（精校版）2020年全国卷Ⅱ理综化学高考试题文档版（含答案）.docx,13.docx
docx_math/（精校版）2020年全国卷Ⅱ文数高考试题文档版（含答案）.docx,14.docx
docx_math/（精校版）2020年全国卷Ⅱ文综高考试题文档版（含答案）.docx,15.docx
docx_math/（精校版）2020年全国卷Ⅲ理数高考试题文档版（含答案）.docx,16.docx
docx_math/（精校版）2020年全国卷Ⅲ理综高考试题文档版（含答案）.docx,17.docx
docx_math/（精校版）2020年全国卷Ⅲ理综化学高考试题文档版（含答案）.docx,18.docx
docx_math/（精校版）2020年全国卷Ⅲ文数高考试题文档版（含答案）.docx,19.docx
docx_math/（精校版）2020年全国卷Ⅲ文综高考试题文档版（含答案）.docx,20.docx
docx_math/（精校版）2020年天津卷化学高考试题文档版（含答案）.docx,21.docx
docx_math/（精校版）2020年天津卷数学高考试题文档版（含答案）.docx,22.docx
docx_math/（精校版）2020年新高考全国卷Ⅰ化学高考试题文档版（含答案）.docx,23.docx
docx_math/（精校版）2020年新高考全国卷Ⅰ数学高考试题文档版（含答案）.docx,24.docx
docx_math/（精校版）2020年新高考全国卷Ⅱ数学高考试题文档版（海南）（无答案）.docx,25.docx
docx_math/（精校版）2020年浙江高考化学7月选考试题文档版（含答案）.docx,26.docx
docx_math/（精校版）2020年浙江高考数学7月试题文档版（含答案）.docx,27.docx
docx_math/（精校版）2020年浙江高考通用信息技术7月选考试题文档版（含答案）.docx,28.docx
docx_math/（西师大版）河南省商丘市外国语实验小学2020-20201学年上学期二年级上册期末调研试卷数学试卷（扫描版无答案）.docx,30.docx
docx_math/【公众号：鸡娃饲料】【精品】四年级英语2018春季开学测A卷（解析卷）∣人教PEP（2014秋）.docx,35.docx
docx_math/【公众号：鸡娃饲料】【精品】四年级英语2018春季开学测A卷（解析卷）∣译林版（三起）.docx,36.docx
docx_math/【公众号：鸡娃饲料】二年级数学检测试题及答案.docx,42.docx
docx_math/【公众号：鸡娃饲料】二年级下册数学试题-奥数知识点讲解第3课《速算与巧算》通用版（含答案）.docx,43.docx
docx_math/【公众号：鸡娃饲料】六年级上册数学试题-奥数知识点讲解第6课《立体图形的计算》附答案-人教新课标(2014秋)（PDF版）.docx,47.docx
docx_math/【公众号：鸡娃饲料】六年级上册数学试题-奥数知识点讲解第7课《旋转体的计算》附答案-人教新课标(2014秋)（PDF版）.docx,48.docx
docx_math/【公众号：鸡娃饲料】五年级上册数学竞赛试题-奥数经典例题三｜人教新课标（2014秋）（含解析）.docx,94.docx
docx_math/【公众号：鸡娃饲料】一年级数学试题及答案.docx,110.docx
docx_math/【全国百强校】河北省衡水中学2018年高三下学期期初考试（3月）数学（理）试题（无答案）.docx,128.docx
docx_math/【真题】山东省滨州市阳信县数学三年级2020-2021学年上学期期末质量检测试题（青岛版，图片版，含答案）.docx,166.docx
docx_math/【真题】山东省滨州市阳信县数学四年级2020-2021学年上学期期末质量检测试题（青岛版，图片版，含答案）.docx,167.docx
docx_math/【真题】山东省滨州市阳信县数学一年级2020-2021学年上学期期末质量检测试题（青岛版，图片版，无答案）.docx,168.docx
docx_math/13（精校版）2019年上海卷数学高考试题文档版（含答案）.docx,172.docx
docx_math/2005年高考理科数学（北京卷）试题及答案.docx,259.docx
docx_math/2005年高考理科数学（福建卷）试题及答案.docx,260.docx
docx_math/2005年高考理科数学（湖北卷）试题及答案.docx,261.docx
docx_math/2005年高考理科数学（湖南卷）试题及答案.docx,262.docx
docx_math/2005年高考理科数学（江西卷）试题及答案.docx,263.docx
docx_math/2005年高考理科数学（山东卷）试题及答案.docx,264.docx
docx_math/2005年高考理科数学（上海卷）试题及答案.docx,265.docx
docx_math/2005年高考理科数学（天津卷）试题及答案.docx,266.docx
docx_math/2005年高考理科数学（浙江卷）试题及答案.docx,267.docx
docx_math/2005年高考理科数学（重庆卷）试题及答案.docx,268.docx
docx_math/2005年高考理科数学全国卷Ⅰ试题及答案（河北、河南、安徽、山西、海南等地区用）.docx,269.docx
docx_math/2005年高考理科数学全国卷Ⅱ试题及答案（黑、吉、广西、内、新）.docx,270.docx
docx_math/2005年高考理科数学全国卷Ⅲ试题及答案（四川、陕西、云南、甘肃等地区用）.docx,271.docx
docx_math/2005年高考数学（广东卷）试题及答案.docx,272.docx
docx_math/2005年高考数学（江苏卷）试题及答案.docx,273.docx
docx_math/2005年高考数学（辽宁卷）试题及答案.docx,274.docx
docx_math/2005年高考文科数学（北京卷）试题及答案.docx,275.docx
docx_math/2005年高考文科数学（福建卷）试题及答案.docx,276.docx
docx_math/2005年高考文科数学（湖北卷）试题及答案.docx,277.docx
docx_math/2005年高考文科数学（湖南卷）试题及答案.docx,278.docx
docx_math/2005年高考文科数学（江西卷）试题及答案.docx,279.docx
docx_math/2005年高考文科数学（山东卷）试题及答案.docx,280.docx
docx_math/2005年高考文科数学（上海卷）试题及答案.docx,281.docx
docx_math/2005年高考文科数学（天津卷）试题及答案.docx,282.docx
docx_math/2005年高考文科数学（浙江卷）试题及答案.docx,283.docx
docx_math/2005年高考文科数学（重庆卷）试题及答案.docx,284.docx
docx_math/2005年高考文科数学全国卷Ⅰ试题及答案（河北、河南、安徽、山西、海南等地区用）.docx,285.docx
docx_math/2005年高考文科数学全国卷Ⅱ试题及答案（黑龙江、吉林、广西、内蒙古、新疆等地区用）.docx,286.docx
docx_math/2005年高考文科数学全国卷Ⅲ试题及答案（川、陕、云、甘）.docx,287.docx
docx_math/2006年普通高等学校招生全国统一考试（北京卷.理）含答案.docx,306.docx
docx_math/2006年普通高等学校招生全国统一考试（北京卷.文）含答案.docx,307.docx
docx_math/2006年普通高等学校招生全国统一考试（福建卷.理）含答案.docx,308.docx
docx_math/2006年普通高等学校招生全国统一考试（福建卷.文）含答案.docx,309.docx
docx_math/2006年普通高等学校招生全国统一考试（广东卷）含详解.docx,310.docx
docx_math/2006年普通高等学校招生全国统一考试（湖南卷.文）含答案.docx,315.docx
docx_math/2006年普通高等学校招生全国统一考试（山东卷.文）答案.docx,328.docx
docx_math/2006年普通高等学校招生全国统一考试（陕西卷.理）含答案.docx,329.docx
docx_math/2006年普通高等学校招生全国统一考试（陕西卷.文）含答案.docx,330.docx
docx_math/2006年普通高等学校招生全国统一考试（四川卷.文）答案.docx,333.docx
docx_math/2006年普通高等学校招生全国统一考试（重庆卷.理）含答案.docx,341.docx
docx_math/2007年湖南高考数学文科卷及答案.docx,357.docx
docx_math/2007年普通高等学校全国统一考试数学广东卷（文）含答案[1]..docx,359.docx
docx_math/2007年普通高等学校全国统一考试数学湖北卷（文）含答案[1]..docx,360.docx
docx_math/2007年普通高等学校全国统一考试数学湖南卷（文）含答案[1]..docx,361.docx
docx_math/2007年普通高等学校招生全国统一考试（安徽卷）数　学（理科）参考答案.docx,362.docx
docx_math/2007年普通高等学校招生全国统一考试(安徽卷)数学理科详细解析（包括选择题填空题）.docx,365.docx
docx_math/2007年普通高等学校招生全国统一考试(安徽卷)数学文科详细解析（包括选择题填空题）.docx,366.docx
docx_math/2007年普通高等学校招生全国统一考试（北京卷）理科综合参考答案.docx,368.docx
docx_math/2007年普通高等学校招生全国统一考试（北京卷）数学（理工农医类）参考答案.docx,370.docx
docx_math/2007年普通高等学校招生全国统一考试（北京卷）数学（文史类）参考答案.docx,372.docx
docx_math/2007年普通高等学校招生全国统一考试（北京卷）文科综合参考答案.docx,374.docx
docx_math/2007年普通高等学校招生全国统一考试（福建卷）数学（理科）试卷参考答案.docx,376.docx
docx_math/2007年普通高等学校招生全国统一考试（福建卷）数学（文科）试卷参考答案.docx,378.docx
docx_math/2007年普通高等学校招生全国统一考试（广东卷）化学试卷参考答案.docx,380.docx
docx_math/2007年普通高等学校招生全国统一考试（广东卷）理科基础参考答案.docx,382.docx
docx_math/2007年普通高等学校招生全国统一考试（广东卷）数学（理科）参考答案.docx,384.docx
docx_math/2007年普通高等学校招生全国统一考试（广东卷）数学（文科）参考答案.docx,386.docx
docx_math/2007年普通高等学校招生全国统一考试（广东卷）文科基础参考答案.docx,388.docx
docx_math/2007年普通高等学校招生全国统一考试（海南卷）化学试卷参考答案.docx,390.docx
docx_math/2007年普通高等学校招生全国统一考试（湖北卷）数学（理工农医类）参考答案.docx,392.docx
docx_math/2007年普通高等学校招生全国统一考试（湖北卷）数学（文史卷）参考答案.docx,394.docx
docx_math/2007年普通高等学校招生全国统一考试（湖南卷）数学（理工农医类）参考答案.docx,395.docx
docx_math/2007年普通高等学校招生全国统一考试（湖南卷）数学（文史类）试卷参考答案.docx,397.docx
docx_math/2007年普通高等学校招生全国统一考试（江苏卷）化学试卷参考答案.docx,399.docx
docx_math/2007年普通高等学校招生全国统一考试（江苏卷）数学参考答案.docx,401.docx
docx_math/2007年普通高等学校招生全国统一考试（江西卷）数学（理科）参考答案.docx,403.docx
docx_math/2007年普通高等学校招生全国统一考试（江西卷）数学（文科）参考答案.docx,405.docx
docx_math/2007年普通高等学校招生全国统一考试（辽宁卷）数学（供文科考生使用）参考答案.docx,407.docx
docx_math/2007年普通高等学校招生全国统一考试（宁夏卷）理科试卷参考答案.docx,409.docx
docx_math/2007年普通高等学校招生全国统一考试（宁夏卷）数学（理科）参考答案.docx,410.docx
docx_math/2007年普通高等学校招生全国统一考试（宁夏卷）数学（文科）参考答案.docx,413.docx
docx_math/2007年普通高等学校招生全国统一考试（宁夏卷）文综试卷参考答案.docx,415.docx
docx_math/2007年普通高等学校招生全国统一考试（全国卷I）理综试卷参考答案.docx,417.docx
docx_math/2007年普通高等学校招生全国统一考试（全国卷I）数学（理科）试卷参考答案.docx,419.docx
docx_math/2007年普通高等学校招生全国统一考试（全国卷I）数学（文科）试卷参考答案.docx,421.docx
docx_math/2007年普通高等学校招生全国统一考试（全国卷I）文综试卷参考答案.docx,423.docx
docx_math/2007年普通高等学校招生全国统一考试（全国卷II）理综试卷参考答案.docx,425.docx
docx_math/2007年普通高等学校招生全国统一考试（全国卷II）数学（理科）试卷参考答案.docx,427.docx
docx_math/2007年普通高等学校招生全国统一考试（全国卷II）数学（文科）试卷参考答案.docx,429.docx
docx_math/2007年普通高等学校招生全国统一考试（全国卷II）文综试卷参考答案.docx,431.docx
docx_math/2007年普通高等学校招生全国统一考试（山东卷）基本能力测试试卷参考答案.docx,432.docx
docx_math/2007年普通高等学校招生全国统一考试（山东卷）理科综合参考答案.docx,434.docx
docx_math/2007年普通高等学校招生全国统一考试（山东卷）数学（理科）参考答案.docx,436.docx
docx_math/2007年普通高等学校招生全国统一考试（山东卷）数学（文科）参考答案.docx,438.docx
docx_math/2007年普通高等学校招生全国统一考试（山东卷）文综试卷参考答案.docx,440.docx
docx_math/2007年普通高等学校招生全国统一考试（陕西卷）数学（理科）试卷参考答案.docx,442.docx
docx_math/2007年普通高等学校招生全国统一考试（陕西卷）数学（文科）试卷参考答案.docx,444.docx
docx_math/2007年普通高等学校招生全国统一考试（上海卷）化学试卷参考答案.docx,446.docx
docx_math/2007年普通高等学校招生全国统一考试（上海卷）数学（理科）参考答案.docx,448.docx
docx_math/2007年普通高等学校招生全国统一考试（四川卷）理综试卷参考答案.docx,450.docx
docx_math/2007年普通高等学校招生全国统一考试（四川卷）数学（理科）试卷参考答案.docx,452.docx
docx_math/2007年普通高等学校招生全国统一考试（四川卷）数学（文科）试卷参考答案.docx,454.docx
docx_math/2007年普通高等学校招生全国统一考试（四川卷）文综试卷参考答案.docx,456.docx
docx_math/2007年普通高等学校招生全国统一考试（天津卷）理综试卷参考答案.docx,458.docx
docx_math/2007年普通高等学校招生全国统一考试（天津卷）数学（理工类）参考解答.docx,460.docx
docx_math/2007年普通高等学校招生全国统一考试（天津卷）数学（文史类）参考答案.docx,462.docx
docx_math/2007年普通高等学校招生全国统一考试（天津卷）文综试卷参考答案.docx,463.docx
docx_math/2007年普通高等学校招生全国统一考试（浙江卷）数学（理科）试卷参考答案.docx,465.docx
docx_math/2007年普通高等学校招生全国统一考试（浙江卷）数学（文科）试卷参考答案.docx,467.docx
docx_math/2007年普通高等学校招生全国统一考试（重庆卷）理综试卷参考答案理综试卷.docx,469.docx
docx_math/2007年普通高等学校招生全国统一考试（重庆卷）数学（理科）试卷参考答案.docx,471.docx
docx_math/2007年普通高等学校招生全国统一考试（重庆卷）数学（文科）试卷参考答案.docx,473.docx
docx_math/2007年普通高等学校招生全国统一考试（重庆卷）文综试卷参考答案.docx,475.docx
docx_math/2007年普通高等学校招生全国统一考试宁夏卷数学理科含答案[1]..docx,481.docx
docx_math/2007年普通高等学校招生全国统一考试陕西卷数学理科含答案[1]..docx,485.docx
docx_math/2007年普通高等学校招生全国统一考试陕西卷数学文科含答案[1]..docx,486.docx
docx_math/2007年普通高等学校招生全国统一考试数学（文）试题含答案（重庆卷）[1]..docx,489.docx
docx_math/2007年普通高等学校招生全国统一考试数学卷（浙江[1].理）含答案.docx,490.docx
docx_math/2007年普通高等学校招生全国统一考试数学理试题含答案（辽宁卷）[1]..docx,491.docx
docx_math/2007年普通高等学校招生全国统一考试四川卷数学（文）含答案[1]..docx,494.docx
docx_math/2007年普通高等学招生全国统一考试（安徽卷）数　学（文科）参考答案.docx,498.docx
docx_math/2007年全国普通高等学校招生统一考试（上海卷）数学试卷（文史类）参考答案.docx,500.docx
docx_math/2007年全国统一考试福建理科数学试卷含答案[1]..docx,501.docx
docx_math/2008高考湖南文科数学试题及全解全析.docx,507.docx
docx_math/2008高考上海数学理科试卷含详细解答.docx,509.docx
docx_math/2008高考试题（全国卷1）理科全解析.docx,510.docx
docx_math/2008高考试题（全国卷1）文科全解析.docx,511.docx
docx_math/2008年高考(全国I)理科综合能力测试化学部分试题全解全析.docx,517.docx
docx_math/2008年高考数学（广东卷）(理科)全解析（word版+答案，中学数学信息网整理）.docx,521.docx
docx_math/2008年高考数学（广东卷）(文科)全解析（word版+答案，中学数学信息网整理）.docx,522.docx
docx_math/2008年高考数学（湖南卷）(理科)（word版+答案，中学数学信息网整理）全解析.docx,523.docx
docx_math/2008年高考数学（江苏卷）(含加试题)（word版+答案，中学数学信息网整理）全解析.docx,524.docx
docx_math/2008年高考数学（四川卷）(理科)（word版+答案，中学数学信息网整理）逐题详解.docx,525.docx
docx_math/2008年高考数学（四川卷）(文科)（word版+答案）全解析.docx,526.docx
docx_math/2008年高考数学试题全国卷2（理）全解全析.docx,527.docx
docx_math/2008年高考数学试题全国卷2（文）全解全析.docx,528.docx
docx_math/2008年高考四川卷理科综合能力能力测试化学部分全解全析（WORD版）.docx,530.docx
docx_math/2008年高考天津卷理科综合能力能力测试化学部分全解全析[word版].docx,531.docx
"docx_math/2008年普通高等学校招生全国统一考试(安徽卷)理科,word版解析.docx",534.docx
docx_math/2008年普通高等学校招生全国统一考试(天津卷)数学文全解全析.docx,540.docx
docx_math/2008年普通高等学校招生全国统一考试（重庆卷）数学试题卷（文史类）全解全析.docx,543.docx
docx_math/2008年普通高等学校招生全国统一考试福建卷数学试题(理科)全解全析.docx,544.docx
docx_math/2008年普通高等学校招生全国统一考试福建卷数学试题（文科）全解全析.docx,545.docx
docx_math/2008年普通高等学校招生全国统一考试湖北卷数学试题（理科）全解全析.docx,546.docx
docx_math/2008年普通高等学校招生全国统一考试湖北卷数学试题（文科）全解全析.docx,547.docx
docx_math/2008年普通高等学校招生全国统一考试江西卷数学试题（理科）全解全析.docx,548.docx
docx_math/2008年普通高等学校招生全国统一考试理科综合能力测试（北京卷）化学试题及其答案(Word版）.docx,549.docx
docx_math/2008年普通高等学校招生全国统一考试山东卷数学（理科）全解全析.docx,551.docx
docx_math/2008年普通高等学校招生全国统一考试数学（文科）试卷（江西卷）（word版+详细解析）.docx,552.docx
docx_math/2008年普通高等学校招生全国统一考试重庆卷数学试题（理科）全解全析.docx,553.docx
docx_math/2008年普通高等学校招生统一考试安徽卷数学（文科）全解全析.docx,554.docx
docx_math/2008年全国高等院校招生统一考试江苏卷)化学试卷及答案(word版）..docx,557.docx
docx_math/2008年全国统一高考数学试卷（理科）（全国卷ⅰ）（含解析版）.docx,560.docx
docx_math/2008年全国统一高考数学试卷（理科）（全国卷ⅱ）（含解析版）.docx,561.docx
docx_math/2008年全国统一高考数学试卷（文科）（全国卷ⅰ）（含解析版）.docx,562.docx
docx_math/2008年全国统一高考数学试卷（文科）（全国卷ⅱ）（含解析版）.docx,563.docx
docx_math/2008年陕西高考数学文理科试题全解全析.docx,564.docx
docx_math/2009年全国统一高考数学试卷（理科）（全国卷ⅰ）（含解析版）.docx,577.docx
docx_math/2009年全国统一高考数学试卷（文科）（全国卷ⅰ）（含解析版）.docx,578.docx
docx_math/2009年全国统一高考数学试卷（文科）（全国卷ⅱ）（含解析版）.docx,579.docx
docx_math/2010年全国统一高考数学试卷（理科）（大纲版ⅰ）（含解析版）.docx,582.docx
docx_math/2010年全国统一高考数学试卷（理科）（大纲版ⅱ）（含解析版）.docx,583.docx
docx_math/2010年全国统一高考数学试卷（理科）（新课标）（含解析版）.docx,584.docx
docx_math/2010年全国统一高考数学试卷（文科）（大纲版ⅰ）（含解析版）.docx,585.docx
docx_math/2010年全国统一高考数学试卷（文科）（大纲版ⅱ）（含解析版）.docx,586.docx
docx_math/2010年全国统一高考数学试卷（文科）（新课标）（含解析版）.docx,587.docx
docx_math/2011年考研数学试题及参考答案（数学一）.docx,596.docx
docx_math/2011年全国统一高考数学试卷（理科）（大纲版）（含解析版）.docx,597.docx
docx_math/2011年全国统一高考数学试卷（理科）（新课标）（含解析版）.docx,598.docx
docx_math/2011年全国统一高考数学试卷（文科）（大纲版）（含解析版）.docx,599.docx
docx_math/2011年全国统一高考数学试卷（文科）（新课标）（含解析版）.docx,600.docx
docx_math/2012年全国统一高考数学试卷（理科）（大纲版）（含解析版）.docx,603.docx
docx_math/2012年全国统一高考数学试卷（理科）（新课标）（含解析版）.docx,604.docx
docx_math/2012年全国统一高考数学试卷（文科）（大纲版）（含解析版）.docx,605.docx
docx_math/2012年全国统一高考数学试卷（文科）（新课标）（含解析版）.docx,606.docx
docx_math/2013年全国统一高考数学试卷（理科）（大纲版）（含解析版）.docx,626.docx
docx_math/2013年全国统一高考数学试卷（理科）（新课标ⅰ）（含解析版）.docx,628.docx
docx_math/2013年全国统一高考数学试卷（理科）（新课标ⅱ）（含解析版）.docx,629.docx
docx_math/2013年全国统一高考数学试卷（文科）（大纲版）（含解析版）.docx,630.docx
docx_math/2013年全国统一高考数学试卷（文科）（新课标ⅰ）（含解析版）.docx,632.docx
docx_math/2013年全国统一高考数学试卷（文科）（新课标ⅱ）（含解析版）.docx,633.docx
docx_math/2014年北京大学秋令营数学试题及解答.docx,653.docx
docx_math/2014年全国统一高考数学试卷（理科）（大纲版）（含解析版）.docx,670.docx
docx_math/2014年全国统一高考数学试卷（理科）（新课标ⅰ）（含解析版）.docx,672.docx
docx_math/2014年全国统一高考数学试卷（理科）（新课标ⅱ）（含解析版）.docx,673.docx
docx_math/2014年全国统一高考数学试卷（文科）（大纲版）（含解析版）.docx,674.docx
docx_math/2014年全国统一高考数学试卷（文科）（新课标ⅰ）（含解析版）.docx,676.docx
docx_math/2014年全国统一高考数学试卷（文科）（新课标ⅱ）（含解析版）.docx,677.docx
docx_math/2015-2016学年九年级（下）第一次月考数学试卷（解析版）.docx,692.docx
docx_math/2015-2016学年九年级下学期5月月考数学试卷及答案.docx,693.docx
docx_math/2015-2016学年五校联考九年级（下）第一次月考数学试卷（解析版）.docx,694.docx
docx_math/2015年全国统一高考数学试卷（理科）（新课标ⅰ）（含解析版）.docx,710.docx
docx_math/2015年全国统一高考数学试卷（理科）（新课标ⅱ）（含解析版）.docx,711.docx
docx_math/2015年全国统一高考数学试卷（文科）（新课标ⅰ）（含解析版）.docx,712.docx
docx_math/2015年全国统一高考数学试卷（文科）（新课标ⅱ）（含解析版）.docx,713.docx
docx_math/2016-2017学年北师大上学期二年级期中检测卷答案.docx,729.docx
docx_math/2016届九年级（下）第二次段考数学试卷（解析版）.docx,731.docx
docx_math/2016届九年级（下）段考数学试卷（一）（解析版）.docx,732.docx
docx_math/2016届九年级（下）期末数学试卷（解析版）.docx,733.docx
docx_math/2016届九年级（下）期中数学试卷（解析版）.docx,734.docx
docx_math/2016届九年级（下）入学考试数学试卷（解析版）.docx,735.docx
docx_math/2016届九年级（下）月考数学试卷（3月份）（解析版）.docx,736.docx
docx_math/2016届九年级下学期第一次模拟考试数学试题（扫描版含答案）.docx,739.docx
docx_math/2016届九年级下学期第一次月考数学试卷【解析版】.docx,740.docx
docx_math/2016届九年级下学期开学考试数学试卷【解析版】.docx,741.docx
docx_math/2016届九年级下学期开学考试数学试卷【解析版】2.docx,742.docx
docx_math/2016届九年级下学期开学数学试卷【解析版】.docx,743.docx
docx_math/2016届九年级下学期入学数学试卷【解析版】.docx,746.docx
docx_math/2016届九年级下学期月考数学试卷（1）（3月份）【解析版】.docx,747.docx
docx_math/2016届九年级下学期月考数学试卷（2）（3月份）【解析版】.docx,748.docx
docx_math/2016届九年级下学期月考数学试卷（4月份）【解析版】.docx,749.docx
docx_math/2016年5月九年级数学模拟测试参考答案.docx,751.docx
docx_math/2016年河北省衡水中学高考数学押题卷（理科）（金卷二）（解析版）.docx,756.docx
docx_math/2016年普通高等学校招生全国统一考试数学文（海南）word版含答案.docx,759.docx
docx_math/2016年全国初中数学联合竞赛试题及详解.docx,760.docx
docx_math/2016年全国统一高考数学试卷（理科）（新课标ⅰ）（含解析版）.docx,761.docx
docx_math/2016年全国统一高考数学试卷（理科）（新课标ⅱ）（含解析版）.docx,762.docx
docx_math/2016年全国统一高考数学试卷（理科）（新课标ⅲ）（含解析版）.docx,763.docx
docx_math/2016年全国统一高考数学试卷（文科）（新课标ⅰ）（含解析版）.docx,764.docx
docx_math/2016年全国统一高考数学试卷（文科）（新课标ⅱ）（含解析版）.docx,765.docx
docx_math/2016年全国统一高考数学试卷（文科）（新课标ⅲ）（含解析版）.docx,766.docx
docx_math/2017年广西百色市中考数学试卷（解析版）.docx,781.docx
docx_math/2017年广西河池市中考数学试卷（解析版）.docx,782.docx
docx_math/2017年河北省衡水中学高考数学猜题卷（理科）（解析版）.docx,783.docx
docx_math/2017年河南省衡水中学大联考高考数学模拟试卷（理科）（2月份）（解析版）.docx,784.docx
docx_math/2017年湖北省恩施州中考数学试卷（解析版）.docx,785.docx
docx_math/2017年湖北省孝感市中考数学试卷（解析版）.docx,786.docx
docx_math/2017年湖南省郴州市中考数学试卷（解析版）.docx,787.docx
docx_math/2017年江苏省徐州市中考数学试卷（解析版）.docx,789.docx
docx_math/2017年江西省中考数学试卷（有答案）.docx,790.docx
docx_math/2017年宁夏中考数学试卷（解析版）.docx,791.docx
docx_math/2017年全国初中数学联合竞赛（四川初二初赛）试题参考答案及评分标准.docx,793.docx
docx_math/2017年全国高中数学联赛试题解答（A卷）.docx,794.docx
docx_math/2017年全国统一高考数学试卷（理科）（新课标ⅰ）（含解析版）.docx,795.docx
docx_math/2017年全国统一高考数学试卷（理科）（新课标ⅱ）（含解析版）.docx,796.docx
docx_math/2017年全国统一高考数学试卷（理科）（新课标ⅲ）（含解析版）.docx,797.docx
docx_math/2017年全国统一高考数学试卷（文科）（新课标ⅰ）（含解析版）.docx,798.docx
docx_math/2017年全国统一高考数学试卷（文科）（新课标ⅱ）（含解析版）.docx,799.docx
docx_math/2017年全国统一高考数学试卷（文科）（新课标ⅲ）（含解析版）.docx,800.docx
docx_math/2017年山东省菏泽市中考数学试卷（解析版）.docx,803.docx
docx_math/2017年山东省威海市中考数学试卷（解析版）.docx,804.docx
docx_math/2017年四川省达州市中考数学试卷（解析版）.docx,806.docx
docx_math/2017年四川省绵阳市中考数学试卷（解析版）.docx,807.docx
docx_math/2017年天津市中考数学试卷（解析版）.docx,810.docx
docx_math/2017年浙江省嘉兴市中考数学试卷（解析版）.docx,814.docx
docx_math/2017年浙江省衢州市中考数学试卷（解析版）.docx,815.docx
docx_math/2017年浙江省台州市中考数学试卷（解析版）.docx,816.docx
docx_math/2018年全国统一高考数学试卷（理科）（新课标ⅰ）（含解析版）.docx,823.docx
docx_math/2018年全国统一高考数学试卷（理科）（新课标ⅱ）（含解析版）.docx,824.docx
docx_math/2018年全国统一高考数学试卷（理科）（新课标ⅲ）（含解析版）.docx,825.docx
docx_math/2018年全国统一高考数学试卷（文科）（新课标ⅰ）（含解析版）.docx,826.docx
docx_math/2018年全国统一高考数学试卷（文科）（新课标ⅱ）（含解析版）.docx,827.docx
docx_math/2018年全国统一高考数学试卷（文科）（新课标ⅲ）（含解析版）.docx,828.docx
docx_math/2018年四川省宜宾市中考数学试卷（解析版）.docx,829.docx
docx_math/2018年宜昌市初中毕业生学业考试数学试题（图片，有答案）.docx,830.docx
docx_math/2018年重庆市中考数学试卷（A卷）答案及解析(Word版）.docx,831.docx
docx_math/2018山东威海市中考数学试题图片版及答案.docx,832.docx
docx_math/2018浙江省衢州市初中毕业生学业考试（扫描版含答案）.docx,833.docx
docx_math/2019-2020学年湖南省长沙市雨花区五年级（上）期末数学试卷（含答案）.docx,834.docx
docx_math/2019-2020学年陕西省西安市灞桥区四年级（上）期末数学试卷（含答案）.docx,835.docx
docx_math/2019-2020学年陕西省西安市陕师大附小四年级（上）期末数学试卷(1)（含答案）.docx,836.docx
docx_math/2019-2020学年陕西省西安市陕师大附小四年级（上）期末数学试卷（含答案）.docx,837.docx
docx_math/2019-2020学年陕西省西安市长安区富力城黄河国际小学四年级（上）期末数学试卷（含答案）.docx,838.docx
docx_math/2019-2020学年四川省成都市嘉祥外校四年级（上）期末数学试卷（2）（含答案）.docx,839.docx
docx_math/2019年高考数学试卷答案解析合集.docx,849.docx
docx_math/2019年重庆市预赛试题与解答.docx,947.docx
docx_math/2020-2021学年福建省福州市鼓楼区五年级（上）期末数学试卷（含答案）.docx,952.docx
docx_math/2020-2021学年甘肃省白银市会宁县二年级（上）期末数学试卷（含答案）.docx,953.docx
docx_math/2020-2021学年甘肃省白银市会宁县三年级（上）期末数学试卷（含答案）.docx,954.docx
docx_math/2020-2021学年甘肃省白银市会宁县五年级（上）期末数学试卷（含答案）.docx,955.docx
docx_math/2020-2021学年甘肃省定西市岷县二年级（上）期末数学试卷（含答案）.docx,956.docx
docx_math/2020-2021学年甘肃省定西市岷县三年级（上）期末数学试卷（含答案）.docx,957.docx
docx_math/2020-2021学年甘肃省定西市岷县五年级（上）期末数学试卷（含答案）.docx,958.docx
docx_math/2020-2021学年甘肃省酒泉市肃州区第六片区一年级（上）期末数学试卷（含答案）.docx,959.docx
docx_math/2020-2021学年甘肃省武威市凉州区五年级（上）期末数学试卷（含答案）.docx,960.docx
docx_math/2020-2021学年广东省佛山市禅城区五年级（上）期末数学试卷（含答案）.docx,961.docx
docx_math/2020-2021学年广东省佛山市南海区六年级（上）期末数学试卷（含答案）.docx,962.docx
docx_math/2020-2021学年广东省广州市番禺区六年级（上）期末数学试卷（含答案）.docx,963.docx
docx_math/2020-2021学年广东省广州市黄埔区五年级（上）期末数学试卷（含答案）.docx,964.docx
docx_math/2020-2021学年广东省揭阳市惠来县五年级（上）期末数学试卷（含答案）.docx,966.docx
docx_math/2020-2021学年广东省揭阳市惠来县一年级（上）期末数学试卷（含答案）.docx,967.docx
docx_math/2020-2021学年广东省韶关市新丰县六年级（上）期末数学试卷（含答案）.docx,968.docx
docx_math/2020-2021学年广东省深圳市四年级（上）期末数学试卷（a卷）（无答案）.docx,969.docx
docx_math/2020-2021学年广东省深圳市四年级（上）期末数学试卷（二）（无答案）.docx,970.docx
docx_math/2020-2021学年河北省邯郸市永年区六年级（上）期末数学试卷（含答案）.docx,972.docx
docx_math/2020-2021学年河北省张家口市阳原县五年级（上）期末数学试卷（含答案）.docx,973.docx
docx_math/2020-2021学年河南省焦作市沁阳市六年级（上）期末数学试卷（含答案）.docx,974.docx
docx_math/2020-2021学年河南省濮阳市台前县五年级（上）期末数学试卷（含答案）.docx,975.docx
docx_math/2020-2021学年黑龙江省大庆市肇源县二年级（上）期末数学试卷（含答案）.docx,976.docx
docx_math/2020-2021学年黑龙江省大庆市肇源县三年级（上）期末数学试卷（含答案）.docx,977.docx
docx_math/2020-2021学年黑龙江省大庆市肇源县一年级（上）期末数学试卷（含答案）.docx,978.docx
docx_math/2020-2021学年黑龙江省大庆市肇州县二年级（上）期末数学试卷（含答案）.docx,979.docx
docx_math/2020-2021学年黑龙江省大庆市肇州县一年级（上）期末数学试卷（含答案）.docx,980.docx
docx_math/2020-2021学年黑龙江省齐齐哈尔市富裕县等五县联考五年级（上）期末数学试卷（含答案）.docx,981.docx
docx_math/2020-2021学年湖北省襄阳市樊城区数学六年级（上）期末数学试卷（含答案）.docx,982.docx
docx_math/2020-2021学年湖北省襄阳市枣阳市六年级（上）期末数学试卷（含答案）.docx,983.docx
docx_math/2020-2021学年湖北省宜昌市远安县六年级（上）期末数学试卷（含答案）.docx,984.docx
docx_math/2020-2021学年湖南省邵阳市邵东市六年级（上）期末数学试卷（含答案）.docx,985.docx
docx_math/2020-2021学年湖南省长沙市雨花区五年级（上）期末数学试卷（无答案）.docx,986.docx
docx_math/2020-2021学年吉林省白山市长白山保护开发区六年级（上）期末数学试卷（含答案）.docx,987.docx
docx_math/2020-2021学年吉林省吉林市磐石市二年级（上）期末数学试卷（含答案）.docx,988.docx
docx_math/2020-2021学年吉林省吉林市磐石市三年级（上）期末数学试卷（含答案）.docx,990.docx
docx_math/2020-2021学年吉林省吉林市磐石市一年级（上）期末数学试卷（含答案）.docx,991.docx
docx_math/2020-2021学年吉林省吉林市舒兰市六年级（上）期末数学试卷（含答案）.docx,992.docx
docx_math/2020-2021学年吉林省长春市绿园区汽开区二年级（上）期末数学试卷（含答案）.docx,993.docx
docx_math/2020-2021学年吉林省长春市绿园区汽开区三年级（上）期末数学试卷（含答案）.docx,994.docx
docx_math/2020-2021学年吉林省长春市长春新区五年级（上）期末数学试卷（含答案）.docx,996.docx
docx_math/2020-2021学年江苏省无锡市南长街教育集团数学六年级（上）期末数学试卷（含答案）.docx,997.docx
docx_math/2020-2021学年辽宁省鞍山市铁东区五年级（上）期末数学试卷（含答案）.docx,999.docx
docx_math/2020-2021学年辽宁省朝阳市北票市一年级（上）期末数学试卷（含答案）.docx,1000.docx
docx_math/2020-2021学年辽宁省大连市沙河口区五年级（上）期末数学试卷（含答案）.docx,1003.docx
docx_math/2020-2021学年辽宁省沈阳市东北育才实验学校（小学部）一年级（上）期末数学试卷（含答案）.docx,1005.docx
docx_math/2020-2021学年内蒙古呼和浩特市回民区五年级（上）期末数学试卷（含答案）.docx,1007.docx
docx_math/2020-2021学年山东省菏泽市成武县六年级（上）期末数学试卷（含答案）.docx,1008.docx
docx_math/2020-2021学年山东省菏泽市郓城县六年级（上）期末数学试卷（含答案）.docx,1009.docx
docx_math/2020-2021学年山东省济南市六年级（上）期末数学试卷（一）（含答案）.docx,1010.docx
docx_math/2020-2021学年山东省济南市五年级（上）期末数学试卷（3）（含答案）.docx,1011.docx
docx_math/2020-2021学年山东省济南市五年级（上）期末数学试卷（二）（无答案）.docx,1012.docx
docx_math/2020-2021学年山东省临沂市莒南县六年级（上）期末数学试卷（含答案）.docx,1013.docx
docx_math/2020-2021学年四川省成都市高新区一年级（上）期末数学试卷（含答案）.docx,1020.docx
docx_math/2020-2021学年四川省成都市高新区益民学校二年级（上）期末数学试卷（二）（含答案）.docx,1021.docx
docx_math/2020-2021学年四川省成都市高新区益民学校二年级（上）期末数学试卷（一）（含答案）.docx,1022.docx
docx_math/2020-2021学年四川省成都市邛崃市二年级（上）期末数学试卷（含答案）.docx,1023.docx
docx_math/2020-2021学年四川省成都市邛崃市一年级（上）期末数学试卷（含答案）.docx,1024.docx
docx_math/2020-2021学年四川省成都市武侯区五年级（上）期末数学试卷（含答案）.docx,1026.docx
docx_math/2020-2021学年四川省成都市新都区二年级（上）期末数学试卷（含答案）.docx,1027.docx
docx_math/2020-2021学年四川省内江市隆昌市五年级（上）期末数学试卷（无答案）.docx,1028.docx
docx_math/2020-2021学年天津市河东区五年级（上）期末数学试卷（含答案）.docx,1029.docx
docx_math/2020-2021学年学年湖南省长沙市天心区仰天湖小学六年级（上）期末数学试卷（含答案）.docx,1030.docx
docx_math/2020-2021学年云南省玉溪市峨山县六年级（上）期末数学模拟试卷（含答案）.docx,1031.docx
docx_math/2020年高考全国卷Ⅰ理综试题解析（精编版）（解析版）.docx,1032.docx
docx_math/2020年高考全国卷Ⅰ理综试题解析（精编版）（原卷版）.docx,1033.docx
docx_math/2020年高考全国卷Ⅰ文综试题解析（精编版）（解析版）.docx,1034.docx
docx_math/2020年高考全国卷Ⅰ文综试题解析（精编版）（原卷版）.docx,1035.docx
docx_math/2020年高考全国卷Ⅱ理综试题解析（精编版）（解析版）.docx,1036.docx
docx_math/2020年高考全国卷Ⅱ理综试题解析（精编版）（原卷版）.docx,1037.docx
docx_math/2020年高考全国卷Ⅱ文综试题解析（精编版）（解析版）.docx,1038.docx
docx_math/2020年高考全国卷Ⅱ文综试题解析（精编版）（原卷版）.docx,1039.docx
docx_math/2020年高考全国卷Ⅲ理综试题解析（精编版）（解析版）.docx,1040.docx
docx_math/2020年高考全国卷Ⅲ理综试题解析（精编版）（原卷版）.docx,1041.docx
docx_math/2020年高考全国卷Ⅲ文综试题解析（精编版）（解析版）.docx,1042.docx
docx_math/2020年高考全国卷Ⅲ文综试题解析（精编版）（原卷版）.docx,1043.docx
docx_math/2020年江苏高考数学试题答案（word版）.docx,1045.docx
docx_math/2020年山东高考数学试题答案（word版）.docx,1047.docx
docx_math/2020年浙江高考数学试题答案（word版）.docx,1049.docx
docx_math/2021年第一届狗鸽杯线上测试答案.docx.docx,1051.docx
docx_math/2021年高考甲卷-理数试题（含解析）.docx,1052.docx
docx_math/2021年高考甲卷-理综试题（含解析）.docx,1053.docx
docx_math/2021年高考甲卷-文数试题（含解析）.docx,1054.docx
docx_math/2021年高考甲卷-文综试题（含解析）.docx,1055.docx
docx_math/2021年高考全国甲卷化学试题（解析版）.docx,1056.docx
docx_math/2021年高考全国乙卷化学试题（解析版）.docx,1058.docx
docx_math/2021年高考全国乙卷理综高考真题解析.docx,1060.docx
docx_math/2021年高考全国乙卷文综高考真题解析.docx,1061.docx
docx_math/2021年广东省高考（广东卷）（解析版）.docx,1062.docx
docx_math/2021年广东省高考化学试题（广东卷）（解析版）.docx,1064.docx
docx_math/2021年河北省高考（河北卷）（解析版）.docx,1066.docx
docx_math/2021年河北省高考化学试题（河北卷）（解析版）.docx,1068.docx
docx_math/2021年湖南省高考（湖南卷）（解析版）.docx,1070.docx
docx_math/2021年湖南省高考化学试题（湖南卷）（解析版）.docx,1072.docx
docx_math/2021年全国高考甲卷数学（理）试题（解析版）.docx,1074.docx
docx_math/2021年全国高考甲卷数学（文）试题（解析版）.docx,1076.docx
docx_math/2021年全国高考乙卷数学（理）试题（解析版）.docx,1078.docx
docx_math/2021年全国高考乙卷数学（文）试题（解析版）.docx,1080.docx
docx_math/2021年全国新高考Ⅰ卷数学试题（解析版）.docx,1082.docx
docx_math/2021年浙江省高考数学试题（解析版）.docx,1084.docx
docx_math/北京市理科综合卷word版（含答案）-2010年普通高等学校招生统一考试.docx,1123.docx
docx_math/北师大2016-2017学年上学期二年级期末检测卷答案.docx,1125.docx
docx_math/北师大版二年级数学上册第八单元测试卷及答案.docx,1126.docx
docx_math/北师大版二年级数学上册第二单元测试卷及答案.docx,1127.docx
docx_math/北师大版二年级数学上册第九单元测试卷及答案.docx,1128.docx
docx_math/北师大版二年级数学上册第六单元测试卷及答案.docx,1129.docx
docx_math/北师大版二年级数学上册第七单元测试卷及答案.docx,1130.docx
docx_math/北师大版二年级数学上册第三单元测试卷及答案.docx,1131.docx
docx_math/北师大版二年级数学上册第四单元测试卷及答案.docx,1132.docx
docx_math/北师大版二年级数学上册第五单元测试卷及答案.docx,1133.docx
docx_math/北师大版数学六年级上学期期中试卷1答案.docx,1145.docx
docx_math/北师大版小学二年级数学上册单元期中期末21份精品测试卷附完整答案.docx,1221.docx
docx_math/北师大版小学二年级下册数学第二单元《方向与位置》单元测试1（附答案）.docx,1222.docx
docx_math/北师大版小学二年级下册数学第六单元《认识图形》单元测试1（附答案）.docx,1223.docx
docx_math/北师大版小学二年级下册数学第六单元《认识图形》单元测试2（附答案）.docx,1224.docx
docx_math/北师大版小学二年级下册数学第六单元《认识图形》单元测试3（附答案）.docx,1225.docx
docx_math/北师大版小学二年级下册数学第三单元《生活中的大数》单元测试1（附答案）.docx,1226.docx
docx_math/北师大版小学二年级下册数学第三单元《生活中的大数》单元测试2（附答案）.docx,1227.docx
docx_math/北师大版小学二年级下册数学第四单元《测量》单元测试1（附答案）.docx,1228.docx
docx_math/北师大版小学二年级下册数学第四单元《测量》单元测试2（附答案）.docx,1229.docx
docx_math/北师大版小学二年级下册数学第四单元《测量》单元测试3（附答案）.docx,1230.docx
docx_math/北师大版小学二年级下册数学第五单元《加与减》单元测试1（附答案）.docx,1231.docx
docx_math/北师大版小学二年级下册数学第五单元《加与减》单元测试2（附答案）.docx,1232.docx
docx_math/北师大版小学二年级下册数学第五单元《加与减》单元测试3（附答案）.docx,1233.docx
docx_math/北师大版小学二年级下册数学第一单元《除法》单元测试1（附答案）.docx,1234.docx
docx_math/北师大版小学二年级下册数学第一单元《除法》单元测试2（附答案）.docx,1235.docx
docx_math/北师大版小学二年级下册数学第一单元《除法》单元测试3（附答案）.docx,1236.docx
docx_math/北师大版小学六年级数学上册单元期中期末精品测试卷22套附完整答案.docx,1237.docx
docx_math/北师大版小学六年级下册数学第一单元《圆柱和圆锥》单元测试1（附答案）.docx,1248.docx
docx_math/北师大版小学六年级下册数学第一单元《圆柱和圆锥》单元测试2（附答案）.docx,1249.docx
docx_math/北师大版小学六年级下册数学第一单元《圆柱和圆锥》单元测试3（附答案）.docx,1250.docx
docx_math/北师大版小学六年级下册数学第一单元《圆柱和圆锥》单元测试4（附答案）.docx,1251.docx
docx_math/北师大版小学六年级下学期数学第一单元测试题（附答案）.docx,1258.docx
docx_math/北师大版小学三年级数学上册单元期中期末精品测试卷22套附完整答案.docx,1259.docx
docx_math/北师大版小学三年级下册数学第六单元《认识分数》单元测试1（附答案）.docx,1260.docx
docx_math/北师大版小学三年级下册数学第六单元《认识分数》单元测试2（附答案）.docx,1261.docx
docx_math/北师大版小学三年级下册数学第六单元《认识分数》单元测试3（附答案）.docx,1262.docx
docx_math/北师大版小学三年级下册数学第六单元《认识分数》单元测试4（附答案）.docx,1263.docx
docx_math/北师大版小学三年级下册数学第六单元《认识分数》单元测试5（附答案）.docx,1264.docx
docx_math/北师大版小学三年级下册数学第三单元《乘法》单元测试1（附答案）.docx,1273.docx
docx_math/北师大版小学三年级下册数学第三单元《乘法》单元测试2（附答案）.docx,1274.docx
docx_math/北师大版小学三年级下册数学第三单元《乘法》单元测试3（附答案）.docx,1275.docx
docx_math/北师大版小学三年级下册数学第三单元《乘法》单元测试4（附答案）.docx,1276.docx
docx_math/北师大版小学三年级下册数学第三单元《乘法》单元测试5（附答案）.docx,1277.docx
docx_math/北师大版小学三年级下册数学第五单元《面积》单元测试1（附答案）.docx,1280.docx
docx_math/北师大版小学三年级下册数学第五单元《面积》单元测试2（附答案）.docx,1281.docx
docx_math/北师大版小学三年级下册数学第五单元《面积》单元测试3（附答案）.docx,1282.docx
docx_math/北师大版小学三年级下册数学第五单元《面积》单元测试4（附答案）.docx,1283.docx
docx_math/北师大版小学三年级下册数学第五单元《面积》单元测试5（附答案）.docx,1284.docx
docx_math/北师大版小学数学二年级上册第一单元测试卷及答案.docx,1287.docx
docx_math/北师大版小学数学总复习《解决问题的策略》检测试题二（附答案）.docx,1288.docx
docx_math/北师大版小学数学总复习《解决问题的策略》检测试题一（无答案）.docx,1289.docx
docx_math/北师大版小学数学总复习《空间与图形》检测试题二（附答案）.docx,1290.docx
docx_math/北师大版小学数学总复习《空间与图形》检测试题三（附答案）.docx,1291.docx
docx_math/北师大版小学数学总复习《空间与图形》检测试题四（附答案）.docx,1292.docx
docx_math/北师大版小学数学总复习《空间与图形》检测试题一（附答案）.docx,1293.docx
docx_math/北师大版小学数学总复习《数与代数》检测试题八（附答案）.docx,1294.docx
docx_math/北师大版小学数学总复习《数与代数》检测试题二（附答案）.docx,1295.docx
docx_math/北师大版小学数学总复习《数与代数》检测试题九（附答案）.docx,1296.docx
docx_math/北师大版小学数学总复习《数与代数》检测试题六（附答案）.docx,1297.docx
docx_math/北师大版小学数学总复习《数与代数》检测试题七（附答案）.docx,1298.docx
docx_math/北师大版小学数学总复习《数与代数》检测试题三（附答案）.docx,1299.docx
docx_math/北师大版小学数学总复习《数与代数》检测试题十（附答案）.docx,1300.docx
docx_math/北师大版小学数学总复习《数与代数》检测试题四（附答案）.docx,1301.docx
docx_math/北师大版小学数学总复习《数与代数》检测试题五（附答案）.docx,1302.docx
docx_math/北师大版小学数学总复习《数与代数》检测试题一（附答案）.docx,1303.docx
docx_math/北师大版小学数学总复习《统计与概率》检测试题三（附答案）.docx,1304.docx
docx_math/北师大版小学数学总复习《统计与概率》检测试题一（附答案）.docx,1305.docx
docx_math/北师大版小学数学总复习《正比例、反比例》检测试题（附答案）.docx,1306.docx
docx_math/北师大版小学四年级数学上册单元期中期末精品测试卷22套附完整答案.docx,1307.docx
docx_math/北师大版小学四年级下册数学第二单元《认识三角形和四边形》单元测试1（附答案）.docx,1308.docx
docx_math/北师大版小学四年级下册数学第二单元《认识三角形和四边形》单元测试2（附答案）.docx,1309.docx
docx_math/北师大版小学四年级下册数学第二单元《认识三角形和四边形》单元测试3（附答案）.docx,1310.docx
docx_math/北师大版小学四年级下册数学第二单元《认识三角形和四边形》单元测试4（附答案）.docx,1311.docx
docx_math/北师大版小学四年级下册数学第三单元《小数乘法》单元测试1（附答案）.docx,1321.docx
docx_math/北师大版小学四年级下册数学第三单元《小数乘法》单元测试2（附答案）.docx,1322.docx
docx_math/北师大版小学四年级下册数学第三单元《小数乘法》单元测试3（附答案）.docx,1323.docx
docx_math/北师大版小学四年级下册数学第三单元《小数乘法》单元测试4（附答案）.docx,1324.docx
docx_math/北师大版小学四年级下册数学第五单元《认识方程》单元测试1（附答案）.docx,1336.docx
docx_math/北师大版小学四年级下册数学第五单元《认识方程》单元测试2（附答案）.docx,1337.docx
docx_math/北师大版小学四年级下册数学第五单元《认识方程》单元测试3（附答案）.docx,1338.docx
docx_math/北师大版小学四年级下册数学第五单元《认识方程》单元测试4（附答案）.docx,1339.docx
docx_math/北师大版小学四年级下册数学第一单元《小数的意义和加减法》单元测试1（附答案）.docx,1344.docx
docx_math/北师大版小学四年级下册数学第一单元《小数的意义和加减法》单元测试2（附答案）.docx,1345.docx
docx_math/北师大版小学四年级下册数学第一单元《小数的意义和加减法》单元测试3（附答案）.docx,1346.docx
docx_math/北师大版小学四年级下册数学第一单元《小数的意义和加减法》单元测试4（附答案）.docx,1347.docx
docx_math/北师大版小学五年级数学上册单元期中期末精品测试22套卷附完整答案.docx,1366.docx
docx_math/北师大版小学五年级下册数学第二单元《长方体（一）》单元测试1（附答案）.docx,1367.docx
docx_math/北师大版小学五年级下册数学第二单元《长方体（一）》单元测试2（附答案）.docx,1368.docx
docx_math/北师大版小学五年级下册数学第二单元《长方体（一）》单元测试3（附答案）.docx,1369.docx
docx_math/北师大版小学五年级下册数学第三单元《分数乘法》单元测试1（附答案）.docx,1378.docx
docx_math/北师大版小学五年级下册数学第三单元《分数乘法》单元测试2（附答案）.docx,1379.docx
docx_math/北师大版小学五年级下册数学第四单元《长方体（二）》单元测试1（附答案）.docx,1380.docx
docx_math/北师大版小学五年级下册数学第四单元《长方体（二）》单元测试2（附答案）.docx,1381.docx
docx_math/北师大版小学五年级下册数学第四单元《长方体（二）》单元测试3（附答案）.docx,1382.docx
docx_math/北师大版小学五年级下册数学第五单元《分数除法》单元测试1（附答案）.docx,1392.docx
docx_math/北师大版小学五年级下册数学第五单元《分数除法》单元测试2（附答案）.docx,1393.docx
docx_math/北师大版小学五年级下册数学第五单元《分数除法》单元测试3（附答案）.docx,1394.docx
docx_math/北师大版小学五年级下册数学第五单元《分数除法》单元测试4（附答案）.docx,1395.docx
docx_math/北师大版小学一年级数学上册单元期中期末精品测试卷22份附完整答案（网资源）.docx,1402.docx
docx_math/北师大版小学一年级下册数学第三单元《生活中的数》单元测试1（附答案）（网资源）.docx,1406.docx
docx_math/北师大版小学一年级下册数学第四单元《有趣的图形》单元测试1（附答案）（网资源）.docx,1408.docx
docx_math/北师大版小学一年级下册数学第四单元《有趣的图形》单元测试2（附答案）（网资源）.docx,1409.docx
docx_math/北师大版一年级数学上册第八单元测试卷及答案（网资源）.docx,1419.docx
docx_math/北师大版一年级数学上册第二单元测试卷及答案（网资源）.docx,1420.docx
docx_math/北师大版一年级数学上册第六单元测试卷及答案（网资源）.docx,1421.docx
docx_math/北师大版一年级数学上册第七单元测试卷及答案（网资源）.docx,1422.docx
docx_math/北师大版一年级数学上册第三单元测试卷及答案（网资源）.docx,1423.docx
docx_math/北师大版一年级数学上册第四单元测试卷及答案（网资源）.docx,1424.docx
docx_math/北师大版一年级数学上册第五单元测试卷及答案（网资源）.docx,1425.docx
docx_math/北师大版一年级数学上册第一单元测试卷及答案（网资源）.docx,1426.docx
"docx_math/福建省2017年中考数学试题（精校word版,含答案）.docx",1550.docx
"docx_math/甘肃省兰州市2017中考数学试题（扫描版,含解析）.docx",1551.docx
docx_math/甘肃省天水市2017年中考数学试题（word版%2C含解析）.docx,1552.docx
docx_math/甘肃省武威市（凉州区）2018年中考数学试题（word版，含答案）.docx,1553.docx
docx_math/高考数学必胜秘诀在哪？――概念、方法、题型、易误点及应试技巧总结(十四)高考数学选择题的解题策略.docx,1559.docx
docx_math/高考数学高频考点_考试大纲_答题技巧.docx,1561.docx
"docx_math/广东省2017年中考数学试题（word版,含答案）.docx",1594.docx
docx_math/广东省2018年中考数学试题（WORD版，有答案）.docx,1595.docx
"docx_math/广东省广州市2017年初中毕业生学业考试数学（扫描版,含答案）.docx",1596.docx
docx_math/广东省深圳市2017年中考数学试题（图片版，含答案）.docx,1597.docx
docx_math/广西贵港市2017年中考数学试题（word版%2C含解析）.docx,1599.docx
docx_math/广西南宁市、北海市、钦州市、防城港市2017年中考数学试题（word版%2C含解析）.docx,1600.docx
docx_math/广西梧州市龙圩区数学一年级2020-2021学年上学期期末测试（苏教版，含答案，图片版）.docx,1601.docx
docx_math/广西玉林市、崇左市2017年中考数学试题（图片版）有答案.docx,1603.docx
docx_math/贵州省毕节市2017年中考数学试题（图片版，含答案）.docx,1608.docx
docx_math/贵州省遵义市2017年中考数学试题（图片版%2C含答案）.docx,1609.docx
docx_math/河北衡水中学2017届高三9月联考摸底（全国卷）理数试题及答案（WORD）.docx,1614.docx
"docx_math/河北省2017年中考数学试题（扫描版,含答案）.docx",1615.docx
docx_math/河北省衡水中学2016届高三（上）六调数学试卷（理科）（解析版）.docx,1617.docx
docx_math/河北省衡水中学2016届高三（上）七调数学试卷（理科）（解析版）.docx,1618.docx
docx_math/河北省衡水中学2016届高三（下）二调数学试卷（理科）（解析版）.docx,1619.docx
docx_math/河北省衡水中学2016届高三（下）同步月考数学试卷（理科）（解析版）.docx,1620.docx
docx_math/河北省衡水中学2017届高三（上）六调数学试卷（解析版）（理科）.docx,1623.docx
docx_math/河北省衡水中学2017届高三（下）二调数学试卷（理科）（解析版）.docx,1624.docx
docx_math/河北省衡水中学2017届全国高三2月大联考（全国卷）数学（理）试题Word版含答案.docx,1628.docx
docx_math/河南省2017年中考数学试题（有答案）.docx,1635.docx
docx_math/河南省三门峡市灵宝市数学四年级2020-2021学年上学期期末综合测试（人教版，含答案）.docx,1636.docx
docx_math/河南省三门峡市陕州区数学二年级2019-2020学年上学期期末检测试卷（人教新课标，含答案）.docx,1637.docx
docx_math/河南省三门峡市陕州区数学三年级2019-2020学年上学期期末检测试卷（人教新课标，含答案）.docx,1638.docx
docx_math/河南省信阳市商城县数学二年级2020-2021学年第一学期期末调研考试（人教新课标，含答案）.docx,1639.docx
"docx_math/河南省郑州市中原区数学二年级2020-2021学年上学期期末水平测试题（人教版,无答案，图片版）.docx",1640.docx
"docx_math/河南省郑州市中原区数学一年级2020-2021学年上学期期末水平测试题（人教版,无答案，图片版）.docx",1641.docx
docx_math/河南省周口市沈丘县数学二年级2020-2021学年上学期期末教学质量监测试卷（西师大版，含答案）.docx,1642.docx
docx_math/河南省周口市沈丘县数学六年级2020-2021学年上学期期末教学质量监测试卷（西师大版，含答案）.docx,1643.docx
docx_math/河南省周口市沈丘县数学三年级2020-2021学年上学期期末教学质量监测试卷（西师大版，含答案）.docx,1644.docx
docx_math/河南省周口市沈丘县数学四年级2020-2021学年上学期期末教学质量监测试卷（西师大版，含答案）.docx,1645.docx
docx_math/河南省周口市沈丘县数学五年级2020-2021学年上学期期末教学质量监测试卷（西师大版，含答案）.docx,1646.docx
docx_math/河南省周口市沈丘县数学一年级2020-2021学年上学期期末教学质量监测试卷（西师大版，含答案）.docx,1647.docx
docx_math/河南省周口市太康县数学二年级2020-2021学年第一学期期末考试（苏教版，含答案）.docx,1648.docx
docx_math/河南省周口市太康县数学四年级2020-2021学年第一学期期末考试（苏教版，含答案）.docx,1649.docx
docx_math/河南省周口市太康县数学五年级2020-2021学年第一学期期末考试（苏教版，含答案）.docx,1650.docx
"docx_math/黑龙江省龙东地区2017年中考数学试题（图片版,含答案）.docx",1654.docx
"docx_math/黑龙江省齐齐哈尔市2017年中考数学试题（精校word版,含答案）.docx",1655.docx
"docx_math/黑龙江省绥化市2017年中考数学试题（扫描版,含答案）.docx",1656.docx
"docx_math/湖北省黄冈市2017年中考数学试题（Word版,含解析）.docx",1666.docx
docx_math/湖北省黄石市2017年中考数学试题（图片版%2C有答案）.docx,1667.docx
docx_math/湖北省荆州市2017年中考数学试题（word版%2C含解析）.docx,1668.docx
"docx_math/湖北省随州市2017年中考数学试题（扫描版,含答案）.docx",1669.docx
"docx_math/湖北省天门市、仙桃市、潜江市、江汉油田2017年中考数学试题（图片版,含答案）.docx",1670.docx
docx_math/湖北省武汉市2018年中考数学试题（Word版，含答案）.docx,1671.docx
docx_math/湖北省襄阳市2017年中考数学试题（扫描版，含答案）.docx,1672.docx
docx_math/湖南省衡阳市2018年中考数学试题（word版，含答案）.docx,1687.docx
docx_math/湖南省娄底市2018年中考数学试题（word版，含答案）.docx,1688.docx
"docx_math/湖南省湘潭市2017年中考数学试题（word版,含解析）.docx",1689.docx
"docx_math/湖南省益阳市2017年中考数学试题（精校word版,含答案）.docx",1690.docx
docx_math/湖南省岳阳市2017年中考数学试题（精校word版有答案）.docx,1691.docx
docx_math/湖南省张家界市2017年中考数学试题（word版%2C含答案）.docx,1692.docx
docx_math/湖南省长沙市2018年中考数学试题（word版，含答案）.docx,1693.docx
docx_math/吉林省2017年中考数学试题（图片版%2C含答案）.docx,1703.docx
docx_math/吉林省长春市2017年中考数学试题（word版含答案）.docx,1704.docx
docx_math/江苏省连云港市2017年中考数学试题（有答案）.docx,1710.docx
docx_math/江苏省南京市江宁区数学二年级2020-2021学年上学期期末调研测试卷（苏教版，无答案，扫描版）.docx,1712.docx
"docx_math/江苏省苏州市2017年中考数学试题（精校word版,含答案）.docx",1713.docx
docx_math/江苏省宿迁市2018年中考数学试题（扫描版，含答案）.docx,1714.docx
docx_math/江苏省盐城市2018年中考数学试题（扫描版，有答案）.docx,1716.docx
docx_math/江苏省盐城市郭猛实验学校数学六年级2020-2021学年上学期期末试卷（苏教版，含答案）.docx,1717.docx
docx_math/江苏省扬州市2017年中考数学试题（word版，含答案）.docx,1718.docx
docx_math/江西省宜春市袁州区数学四年级2020-2021学年上学期期末考试（人教新课标，无答案，图片版）.docx,1727.docx
docx_math/精品解析：【全国百强校】河北省衡水中学2016届高三下学期猜题卷理数试题解析（解析版）.docx,1730.docx
docx_math/精品解析：【全国百强校】河北省衡水中学2016届高三下学期猜题卷理数试题解析（原卷版）.docx,1731.docx
docx_math/精品解析：【全国百强校】河北省衡水中学2016届高三下学期第六次调研考试理数试题（A卷）解析（解析版）.docx,1732.docx
docx_math/精品解析：【全国百强校】河北省衡水中学2016届高三下学期第六次调研考试理数试题（A卷）解析（原卷版）.docx,1733.docx
docx_math/精品解析：【全国百强校】河北省衡水中学2016届高三下学期第一次模拟考试理数试题解析（解析版）.docx,1734.docx
docx_math/精品解析：【全国百强校】河北省衡水中学2016届高三下学期第一次模拟考试理数试题解析（原卷版）.docx,1735.docx
docx_math/精品解析：【全国百强校】河北省衡水中学2017届高三9月摸底联考（全国卷）理数试题解析（解析版）.docx,1736.docx
docx_math/精品解析：【全国百强校】河北省衡水中学2017届高三9月摸底联考（全国卷）理数试题解析（原卷版）.docx,1737.docx
docx_math/精品解析：【全国百强校】河北省衡水中学2017届高三高考押题卷三理数试题（解析版）.docx,1738.docx
docx_math/精品解析：【全国百强校】河北省衡水中学2017届高三高考押题卷三理数试题（原卷版）.docx,1739.docx
docx_math/精品解析：【全国百强校】河北省衡水中学2017届高三高考押题理数试题（解析版）.docx,1740.docx
docx_math/精品解析：【全国百强校】河北省衡水中学2017届高三高考押题理数试题（原卷版）.docx,1741.docx
docx_math/精品解析：【全国百强校】河北省衡水中学2017届高三上学期第二次调研考试理数试题解析（解析版）.docx,1742.docx
docx_math/精品解析：【全国百强校】河北省衡水中学2017届高三上学期第二次调研考试理数试题解析（原卷版）.docx,1743.docx
docx_math/精品解析：【全国百强校】河北省衡水中学2017届高三上学期第三次调研考试理数试题解析（解析版）.docx,1744.docx
docx_math/精品解析：【全国百强校】河北省衡水中学2017届高三上学期第三次调研考试理数试题解析（原卷版）.docx,1745.docx
docx_math/精品解析：【全国百强校】河北省衡水中学2017届高三上学期第五次调研考试（12月）理数试题解析（解析版）.docx,1746.docx
docx_math/精品解析：【全国百强校】河北省衡水中学2017届高三上学期第五次调研考试（12月）理数试题解析（原卷版）.docx,1747.docx
docx_math/精品解析：【全国百强校】河北省衡水中学2017届高三上学期第一次调研考试理数试题解析（解析版）.docx,1748.docx
docx_math/精品解析：【全国百强校】河北省衡水中学2017届高三上学期第一次调研考试理数试题解析（原卷版）.docx,1749.docx
docx_math/精品解析：【全国百强校】河北省衡水中学2017届高三下学期第二次摸底考试理数试题解析（解析版）.docx,1750.docx
docx_math/精品解析：【全国百强校】河北省衡水中学2017届高三下学期第二次摸底考试理数试题解析（原卷版）.docx,1751.docx
docx_math/精品解析：【全国百强校】河北省衡水中学2017届高三下学期第六次调研考试理数试题解析（解析版）.docx,1752.docx
docx_math/精品解析：【全国百强校】河北省衡水中学2017届高三下学期第六次调研考试理数试题解析（原卷版）.docx,1753.docx
docx_math/精品解析：【全国百强校】河北省衡水中学2017届高三下学期第三次摸底考试数学（理）试题（解析版）.docx,1754.docx
docx_math/精品解析：【全国百强校】河北省衡水中学2017届高三下学期第三次摸底考试数学（理）试题（原卷版）.docx,1755.docx
docx_math/精品解析：【全国百强校】河北省衡水中学2017届高三下学期第四周周测理数试题解析（解析版）.docx,1756.docx
docx_math/精品解析：【全国百强校】河北省衡水中学2017届高三下学期第四周周测理数试题解析（原卷版）.docx,1757.docx
docx_math/精品解析：【全国百强校】河北省衡水中学2017届高三押题II卷理数试题（解析版）.docx,1758.docx
docx_math/精品解析：【全国百强校】河北省衡水中学2017届高三押题II卷理数试题（原卷版）.docx,1759.docx
docx_math/精品解析：【全国百强校】河北省衡水中学2018届高三9月大联考数学（理）试题（解析版）.docx,1760.docx
docx_math/精品解析：【全国百强校】河北省衡水中学2018届高三9月大联考数学（理）试题（原卷版）.docx,1761.docx
docx_math/精品解析：【全国百强校】河北省衡水中学2018届高三第十次模拟考试数学（理）试题（解析版）.docx,1762.docx
docx_math/精品解析：【全国百强校】河北省衡水中学2018届高三第十次模拟考试数学（理）试题（原卷版）.docx,1763.docx
docx_math/精品解析：【全国百强校】河北省衡水中学2018届高三第十六次模拟考试数学（理）试题（解析版）.docx,1764.docx
docx_math/精品解析：【全国百强校】河北省衡水中学2018届高三第十六次模拟考试数学（理）试题（原卷版）.docx,1765.docx
docx_math/精品解析：【全国百强校】河北省衡水中学2018届高三上学期二调考试数学（理）试题（解析版）.docx,1766.docx
docx_math/精品解析：【全国百强校】河北省衡水中学2018届高三上学期二调考试数学（理）试题（原卷版）.docx,1767.docx
docx_math/精品解析：【全国百强校】河北省衡水中学2018届高三上学期七调考试数学（理）试题（解析版）.docx,1768.docx
docx_math/精品解析：【全国百强校】河北省衡水中学2018届高三上学期七调考试数学（理）试题（原卷版）.docx,1769.docx
docx_math/精品解析：【全国百强校word】河北省衡水中学2017年高考猜题卷（一）数学（理）试题（解析版）.docx,1770.docx
docx_math/精品解析：【全国百强校word】河北省衡水中学2017年高考猜题卷（一）数学（理）试题（原卷版）.docx,1771.docx
docx_math/精品解析：【全国百强校Word】河北省衡水中学2018届高三上学期九模考试数学（理）试题（解析版）.docx,1772.docx
docx_math/精品解析：【全国百强校Word】河北省衡水中学2018届高三上学期九模考试数学（理）试题（原卷版）.docx,1773.docx
docx_math/精品解析：【全国百强校首发】河北省衡水中学2016届高三上学期第二次调研考试理数试题解析（解析版）.docx,1774.docx
docx_math/精品解析：【全国百强校首发】河北省衡水中学2016届高三上学期第二次调研考试理数试题解析（原卷版）.docx,1775.docx
docx_math/精品解析：【全国百强校首发】河北省衡水中学2016届高三上学期第七次调研考试理数试题解析（解析版）.docx,1776.docx
docx_math/精品解析：【全国百强校首发】河北省衡水中学2016届高三上学期第七次调研考试理数试题解析（原卷版）.docx,1777.docx
docx_math/精品解析：【全国百强校首发】河北省衡水中学2016届高三上学期第三次调研考试理数试题解析（解析版）.docx,1778.docx
docx_math/精品解析：【全国百强校首发】河北省衡水中学2016届高三上学期第三次调研考试理数试题解析（原卷版）.docx,1779.docx
docx_math/精品解析：【全国百强校首发】河北省衡水中学2016届高三上学期第四次调研考试理数试题解析（解析版）.docx,1780.docx
docx_math/精品解析：【全国百强校首发】河北省衡水中学2016届高三上学期第四次调研考试理数试题解析（原卷版）.docx,1781.docx
docx_math/精品解析：【全国百强校首发】河北省衡水中学2016届高三上学期一调考试理数试题解析（解析版）.docx,1782.docx
docx_math/精品解析：【全国百强校首发】河北省衡水中学2016届高三上学期一调考试理数试题解析（原卷版）.docx,1783.docx
docx_math/精品解析：【全国百强校首发】河北省衡水中学2016届高三下学期第二次调研考试理数试题解析（解析版）.docx,1784.docx
docx_math/精品解析：【全国百强校首发】河北省衡水中学2016届高三下学期第二次调研考试理数试题解析（原卷版）.docx,1785.docx
docx_math/精品解析：2020-2021学年河北省保定市唐县人教版三年级上册期末调研考试数学试卷（解析版）.docx,1786.docx
docx_math/精品解析：2020-2021学年河北省保定市唐县人教版三年级上册期末调研考试数学试卷（原卷版）.docx,1787.docx
docx_math/精品解析：2020-2021学年河南省郑州市二七区人教版三年级上册期末考试数学试卷（解析版）.docx,1788.docx
docx_math/精品解析：2020-2021学年河南省郑州市二七区人教版三年级上册期末考试数学试卷（原卷版）.docx,1789.docx
docx_math/精品解析：2020-2021学年河南省郑州市管城区人教版三年级上册期末考试数学试卷（解析版）.docx,1790.docx
docx_math/精品解析：2020-2021学年河南省郑州市管城区人教版三年级上册期末考试数学试卷（原卷版）.docx,1791.docx
docx_math/精品解析：2020-2021学年重庆市大渡口区人教版三年级上册期末教学质量监测数学试卷（解析版）.docx,1792.docx
docx_math/精品解析：2020-2021学年重庆市大渡口区人教版三年级上册期末教学质量监测数学试卷（原卷版）.docx,1793.docx
docx_math/精品解析：2020-2021学年重庆市永川区人教版三年级上册期末教学质量监测数学试卷（解析版）.docx,1794.docx
docx_math/精品解析：2020-2021学年重庆市永川区人教版三年级上册期末教学质量监测数学试卷（原卷版）.docx,1795.docx
docx_math/精品解析：2020年1月浙江省普通高校招生选考科目考试化学试题（解析版）.docx,1796.docx
docx_math/精品解析：2020年1月浙江省普通高校招生选考科目考试化学试题（原卷版）.docx,1797.docx
docx_math/精品解析：2020年北京市高考数学试卷（解析版）.docx,1798.docx
docx_math/精品解析：2020年北京市高考数学试卷（原卷版）.docx,1799.docx
docx_math/精品解析：2020年海南省高考数学试卷（新高考全国Ⅱ卷）（解析版）.docx,1800.docx
docx_math/精品解析：2020年海南省高考数学试卷（新高考全国Ⅱ卷）（原卷版）.docx,1801.docx
docx_math/精品解析：2020年江苏卷化学高考试题（解析版）.docx,1802.docx
docx_math/精品解析：2020年江苏卷化学高考试题（原卷版）.docx,1803.docx
docx_math/精品解析：2020年江苏省高考数学试卷（解析版）.docx,1804.docx
docx_math/精品解析：2020年江苏省高考数学试卷（原卷版）.docx,1805.docx
docx_math/精品解析：2020年全国统一高考数学试卷（理科）（新课标Ⅰ）（解析版）.docx,1806.docx
docx_math/精品解析：2020年全国统一高考数学试卷（理科）（新课标Ⅰ）（原卷版）.docx,1807.docx
docx_math/精品解析：2020年全国统一高考数学试卷（理科）（新课标Ⅱ）（解析版）.docx,1808.docx
docx_math/精品解析：2020年全国统一高考数学试卷（理科）（新课标Ⅱ）（原卷版）.docx,1809.docx
docx_math/精品解析：2020年全国统一高考数学试卷（理科）（新课标Ⅲ）（解析版）.docx,1810.docx
docx_math/精品解析：2020年全国统一高考数学试卷（理科）（新课标Ⅲ）（原卷版）.docx,1811.docx
docx_math/精品解析：2020年全国统一高考数学试卷（文科）（新课标Ⅰ）（解析版）.docx,1812.docx
docx_math/精品解析：2020年全国统一高考数学试卷（文科）（新课标Ⅰ）（原卷版）.docx,1813.docx
docx_math/精品解析：2020年全国统一高考数学试卷（文科）（新课标Ⅱ）（解析版）.docx,1814.docx
docx_math/精品解析：2020年全国统一高考数学试卷（文科）（新课标Ⅱ）（原卷版）.docx,1815.docx
docx_math/精品解析：2020年全国统一高考数学试卷（文科）（新课标Ⅲ）（解析版）.docx,1816.docx
docx_math/精品解析：2020年全国统一高考数学试卷（文科）（新课标Ⅲ）（原卷版）.docx,1817.docx
docx_math/精品解析：2020年全国统一考试化学试题（新课标Ⅰ）（解析版）.docx,1818.docx
docx_math/精品解析：2020年全国统一考试化学试题（新课标Ⅰ）（原卷版）.docx,1819.docx
docx_math/精品解析：2020年全国统一考试化学试题（新课标Ⅱ）（解析版）.docx,1820.docx
docx_math/精品解析：2020年全国统一考试化学试题（新课标Ⅱ）（原卷版）.docx,1821.docx
docx_math/精品解析：2020年全国统一考试化学试题（新课标Ⅲ）（解析版）.docx,1822.docx
docx_math/精品解析：2020年全国统一考试化学试题（新课标Ⅲ）（原卷版）.docx,1823.docx
docx_math/精品解析：2020年山东省高考化学试卷（新高考）（解析版）.docx,1824.docx
docx_math/精品解析：2020年山东省高考化学试卷（新高考）（原卷版）.docx,1825.docx
docx_math/精品解析：2020年山东省高考数学试卷（新高考全国Ⅰ卷）（解析版）.docx,1826.docx
docx_math/精品解析：2020年山东省高考数学试卷（新高考全国Ⅰ卷）（原卷版）.docx,1827.docx
docx_math/精品解析：2020年天津卷化学高考试题（解析版）.docx,1828.docx
docx_math/精品解析：2020年天津卷化学高考试题（原卷版）.docx,1829.docx
docx_math/精品解析：2020年天津市高考数学试卷（解析版）.docx,1830.docx
docx_math/精品解析：2020年天津市高考数学试卷（原卷版）.docx,1831.docx
docx_math/精品解析：2020年浙江卷化学高考试题（解析版）.docx,1832.docx
docx_math/精品解析：2020年浙江卷化学高考试题（原卷版）.docx,1833.docx
docx_math/精品解析：2020年浙江省高考数学试卷（解析版）.docx,1834.docx
docx_math/精品解析：2020年浙江省高考数学试卷（原卷版）.docx,1835.docx
docx_math/九年级（下）第一次段考数学试卷（解析版）.docx,1837.docx
docx_math/九校联考九年级（下）月考数学试卷【解析版】.docx,1839.docx
"docx_math/辽宁省大连市2017中考数学试题（图片版,含答案）.docx",1854.docx
"docx_math/辽宁省沈阳市2017中考数学试题（扫描版,含答案）.docx",1855.docx
"docx_math/内蒙古赤峰市2017年中考数学试题（图片版,含答案）.docx",1865.docx
"docx_math/内蒙古呼和浩特市2017年中考数学试题（Word版,含答案）.docx",1866.docx
"docx_math/青海省西宁市2017年中考数学试题（扫描版,含答案）.docx",1870.docx
docx_math/山东省滨州市沾化区数学三年级2020-2021学年上学期期末试题（图片版，青岛版，含答案）.docx,1895.docx
docx_math/山东省德州市2018年中考数学试题（图片版，含答案）.docx,1896.docx
docx_math/山东省济南市槐荫区数学二年级2020-2021学年上学期期末质量检测试题（青岛版，无答案）.docx,1897.docx
docx_math/山东省济南市槐荫区数学六年级2020-2021学年上学期期末质量检测试题（青岛版，无答案）.docx,1898.docx
docx_math/山东省济南市槐荫区数学三年级2020-2021学年上学期期末质量检测试题（青岛版，无答案）.docx,1899.docx
docx_math/山东省济南市槐荫区数学五年级2020-2021学年上学期期末质量检测试题（青岛版，无答案）.docx,1900.docx
docx_math/山东省济南市槐荫区数学一年级2020-2021学年上学期期末质量检测试题（青岛版，无答案）.docx,1901.docx
docx_math/山东省青岛市2017年中考数学试卷（解析版）.docx,1902.docx
docx_math/山东省青岛市2018年中考数学试题（word版，含答案）.docx,1903.docx
docx_math/山东省青岛市南区青岛大学路小学数学二年级2020-2021学年上学期期末质量检测试题（青岛版，图片版，无答案）.docx,1904.docx
docx_math/山东省青岛市南区青岛大学路小学数学六年级2020-2021学年上学期期末质量检测试题（青岛版，图片版，无答案）.docx,1905.docx
docx_math/山东省青岛市南区青岛大学路小学数学三年级2020-2021学年上学期期末质量检测试题（青岛版，图片版，无答案）.docx,1906.docx
docx_math/山东省青岛市南区青岛大学路小学数学四年级2020-2021学年上学期期末质量检测试题（青岛版，图片版，无答案）.docx,1907.docx
docx_math/山东省青岛市南区青岛大学路小学数学五年级2020-2021学年上学期期末质量检测试题（青岛版，图片版，无答案）.docx,1908.docx
docx_math/山东省青岛市南区青岛大学路小学数学一年级2020-2021学年上学期期末质量检测试题（青岛版，图片版，无答案）.docx,1909.docx
docx_math/山东省日照市2017年中考数学试题（word版%2C含解析）.docx,1910.docx
"docx_math/山东省泰安市2017年中考数学试题（精校word版,含答案）.docx",1911.docx
"docx_math/山东省潍坊市2017年中考数学试题（word版,含答案）.docx",1912.docx
docx_math/山东省潍坊市2018年中考数学试题（Word版，含答案）.docx,1913.docx
docx_math/山东省潍坊市高新区数学四年级2020-2021学年上学期期末测试（青岛版，图片版，无答案）.docx,1914.docx
"docx_math/山东省枣庄市2017年中考数学试题（图片版,含答案）.docx",1915.docx
docx_math/山东省枣庄市2018年中考数学试题（Word版，含解析）.docx,1916.docx
docx_math/山西省晋中市灵石县数学一年级2020-2021学年上学期期末教学水平调研试题（人教新课标，无答案）.docx,1924.docx
"docx_math/陕西省2017年中考数学试题（图片版,含答案）.docx",1927.docx
docx_math/上海市2017中考数学试题（word版，含答案）.docx,1929.docx
docx_math/四川省广安市2017年中考数学试题（word版%2C含解析）.docx,1946.docx
docx_math/四川省乐山市2017中考数学试题（word版%2C含答案）.docx,1947.docx
"docx_math/四川省凉山州2017年中考数学试题（word版,含答案）.docx",1948.docx
docx_math/四川省凉山州2018年中考数学试题（Word版，含答案）.docx,1949.docx
"docx_math/四川省泸州市2017年中考数学试题（word版,含答案）.docx",1950.docx
"docx_math/四川省眉山市2017年中考数学试题（Word版,含答案）.docx",1951.docx
docx_math/四川省眉山市2018年中考数学试题（Word版，含答案）.docx,1952.docx
"docx_math/四川省内江市2017年中考数学试题（图片版,含答案）.docx",1953.docx
"docx_math/四川省宜宾市2017年中考数学试题（Word版,含解析）.docx",1954.docx
"docx_math/四川省自贡市2017年中考数学试题（word版,含答案）.docx",1955.docx
docx_math/天津市2018年中考数学试题（解析版）.docx,1961.docx
docx_math/往年自主招生试题分类汇编及答案10：创新与综合题.docx,1969.docx
docx_math/往年自主招生试题分类汇编及答案13：初等数论.docx,1970.docx
docx_math/五年级数学期末试卷参考答案及评分标准.docx,1976.docx
docx_math/小升初数学试题-列方程解应用题轻松闯关-通用版.docx,1993.docx
docx_math/小学二年级奥数第10课《猜猜凑凑》试题附答案.docx,2025.docx
docx_math/小学二年级奥数第11课《画图凑数法》试题附答案.docx,2026.docx
docx_math/小学二年级奥数第1课《速算与巧算》试题附答案.docx,2027.docx
docx_math/小学二年级奥数第2课《数数与计数二》试题附答案.docx,2028.docx
docx_math/小学二年级奥数第3课《认识简单数列》试题附答案.docx,2029.docx
docx_math/小学二年级奥数第4课《自然数列趣题》试题附答案.docx,2030.docx
docx_math/小学二年级奥数第5课《找规律一》试题附答案.docx,2031.docx
docx_math/小学二年级奥数第6课《找规律三》试题附答案.docx,2032.docx
docx_math/小学二年级奥数第7课《考虑所有可能的情况一》试题附答案.docx,2033.docx
docx_math/小学二年级奥数第8课《考虑所有可能的情况二》试题附答案.docx,2034.docx
docx_math/小学二年级奥数第9课《仔细审题》试题附答案.docx,2035.docx
docx_math/小学六年级奥数第10课《棋盘中的数学1》试题附答案.docx,2038.docx
docx_math/小学六年级奥数第11课《棋盘中的数学2》试题附答案.docx,2039.docx
docx_math/小学六年级奥数第12课《棋盘中的数学3》试题附答案.docx,2040.docx
docx_math/小学六年级奥数第13课《棋盘中的数学4》试题附答案.docx,2041.docx
docx_math/小学六年级奥数第14课《典型试题分析》试题附答案.docx,2042.docx
docx_math/小学六年级奥数第1课《工程问题》试题附答案.docx,2043.docx
docx_math/小学六年级奥数第2课《比和比例》试题附答案.docx,2044.docx
docx_math/小学六年级奥数第3课《分数、百分数应用题1》试题附答案.docx,2045.docx
docx_math/小学六年级奥数第4课《分数、百分数应用题2》试题附答案.docx,2046.docx
docx_math/小学六年级奥数第5课《长方体和正方体》试题附答案.docx,2047.docx
docx_math/小学六年级奥数第6课《立体图形的计算》试题附答案.docx,2048.docx
docx_math/小学六年级奥数第7课《旋转体的计算》试题附答案.docx,2049.docx
docx_math/小学六年级奥数第8课《应用同余解题》试题附答案.docx,2050.docx
docx_math/小学六年级奥数第9课《二进制小数》试题附答案.docx,2051.docx
docx_math/小学三年级奥数第10课《数字谜2》试题附答案.docx,2052.docx
docx_math/小学三年级奥数第11课《巧填算符1》试题附答案.docx,2053.docx
docx_math/小学三年级奥数第13课《火柴棍游戏2》试题附答案.docx,2054.docx
docx_math/小学三年级奥数第14课《综合练习题》试题附答案.docx,2055.docx
docx_math/小学三年级奥数第1课《速算与巧算1》试题附答案.docx,2056.docx
docx_math/小学三年级奥数第2课《速算与巧算2》试题附答案.docx,2057.docx
docx_math/小学三年级奥数第3课《上楼梯问题》试题附答案.docx,2058.docx
docx_math/小学三年级奥数第4课《植树与方阵问题》试题附答案.docx,2059.docx
docx_math/小学三年级奥数第5课《找几何图形的规律》试题附答案.docx,2060.docx
docx_math/小学三年级奥数第6课《找简单数列的规律》试题附答案.docx,2061.docx
docx_math/小学三年级奥数第7课《填算式1》试题附答案.docx,2062.docx
docx_math/小学三年级奥数第8课《填算式2》试题附答案.docx,2063.docx
docx_math/小学三年级奥数第9课《数字谜1》试题附答案.docx,2064.docx
docx_math/小学四年级奥数第10课《数阵图》试题附答案.docx,2070.docx
docx_math/小学四年级奥数第11课《填横式1》试题附答案.docx,2071.docx
docx_math/小学四年级奥数第12课《填横式2》试题附答案.docx,2072.docx
docx_math/小学四年级奥数第13课《数学竞赛试题选讲》试题附答案.docx,2073.docx
docx_math/小学四年级奥数第2课《速算与巧算2》试题附答案.docx,2074.docx
docx_math/小学四年级奥数第3课《定义新运算》试题附答案.docx,2075.docx
docx_math/小学四年级奥数第4课《等差数列及其应用》试题附答案.docx,2076.docx
docx_math/小学四年级奥数第5课《倒推法的妙用》试题附答案.docx,2077.docx
docx_math/小学四年级奥数第6课《行程问题》试题附答案.docx,2078.docx
docx_math/小学四年级奥数第7课《几何中的计数问题1》试题附答案.docx,2079.docx
docx_math/小学四年级奥数第8课《图形的剪拼1》试题附答案.docx,2080.docx
docx_math/小学四年级奥数第9课《格点与面积》试题附答案.docx,2081.docx
docx_math/小学四年级第1课《速算与巧算1》试题附答案.docx,2082.docx
docx_math/小学五年级奥数第10课《列方程解应用题》试题附答案.docx,2083.docx
docx_math/小学五年级奥数第11课《抽屉原理的一般表达》试题附答案.docx,2084.docx
docx_math/小学五年级奥数第12课《染色中的抽屉原理》试题附答案.docx,2085.docx
docx_math/小学五年级奥数第13课《面积计算》试题附答案.docx,2086.docx
docx_math/小学五年级奥数第14课《综合题选讲》试题附答案.docx,2087.docx
docx_math/小学五年级奥数第1课《数的整除问题》试题附答案.docx,2088.docx
docx_math/小学五年级奥数第2课《质数、合数和分解质因数》试题附答案.docx,2089.docx
docx_math/小学五年级奥数第3课《最大公约数和最小公倍数》试题附答案.docx,2090.docx
docx_math/小学五年级奥数第4课《带余数的除法》试题附答案.docx,2091.docx
docx_math/小学五年级奥数第5课《奇数与偶数及奇偶性的应用》试题附答案.docx,2092.docx
docx_math/小学五年级奥数第6课《能被30以下质数整除的数的特征》试题附答案.docx,2093.docx
docx_math/小学五年级奥数第7课《行程问题》试题附答案.docx,2094.docx
docx_math/小学五年级奥数第8课《流水行船问题》试题附答案.docx,2095.docx
docx_math/小学五年级奥数第9课《牛吃草问题》试题附答案.docx,2096.docx
docx_math/小学一年级奥数第10课《立体平面展开》试题无答案.docx,2097.docx
docx_math/小学一年级奥数第11课《做立体模型》试题无答案.docx,2098.docx
docx_math/小学一年级奥数第12课《图形的整体与部分》试题附答案.docx,2099.docx
docx_math/小学一年级奥数第13课《折叠描痕法》试题附答案.docx,2100.docx
docx_math/小学一年级奥数第14课《多个图形的组拼》试题附答案.docx,2101.docx
docx_math/小学一年级奥数第15课《一个图形的等积变换》试题附答案.docx,2102.docx
docx_math/小学一年级奥数第16课《一个图形的等份分划》试题附答案.docx,2103.docx
docx_math/小学一年级奥数第17课《发现图形的变化规律》试题附答案.docx,2104.docx
docx_math/小学一年级奥数第1课《认识图形一》试题附答案.docx,2105.docx
docx_math/小学一年级奥数第2课《认识图形二》试题附答案.docx,2106.docx
docx_math/小学一年级奥数第3课《认识图形三》试题附答案.docx,2107.docx
docx_math/小学一年级奥数第4课《数一数一》试题附答案.docx,2108.docx
docx_math/小学一年级奥数第5课《数一数二》试题附答案.docx,2109.docx
docx_math/小学一年级奥数第6课《动手画画》试题无答案.docx,2110.docx
docx_math/小学一年级奥数第7课《摆摆看看》试题附答案.docx,2111.docx
docx_math/小学一年级奥数第8课《做做想想》试题附答案.docx,2112.docx
docx_math/小学一年级奥数第9课《区分图形》试题附答案.docx,2113.docx
docx_math/新编河北省衡水市衡水金卷高三大联考数学(理)试卷及答案.docx,2114.docx
"docx_math/新疆维吾尔自治区、新疆生产建设兵团2017年中考数学试题（图片版,有答案）.docx",2117.docx
docx_math/新疆乌鲁木齐市2017年中考数学试题（精校word版%2C答案不全）.docx,2118.docx
docx_math/新课程高中数学测试题组(必修1)全套含答案.docx,2119.docx
docx_math/新课程高中数学测试题组(必修4)含答案.docx,2120.docx
docx_math/学易金卷：河北省衡水中学2017届高三上学期第六次调研考试理数试题解析（解析版）.docx,2123.docx
docx_math/学易金卷：河北省衡水中学2017届高三上学期第六次调研考试理数试题解析（原卷版）.docx,2124.docx
docx_math/优质解析：河北衡水中学2017届高三9月联考摸底（全国卷）数学（理）试题（解析版）.docx,2191.docx
docx_math/优质解析：河北衡水中学2017届高三9月联考摸底（全国卷）数学（理）试题（原卷版）.docx,2192.docx
docx_math/优质解析：河北省衡水中学2016届高三下学期猜题卷数学（理）试题（解析版）.docx,2193.docx
docx_math/优质解析：河北省衡水中学2016届高三下学期猜题卷数学（理）试题（原卷版）.docx,2194.docx
docx_math/优质解析：河北省衡水中学2016届高三下学期第六次调研考试（A）数学（理）试题（解析版）.docx,2195.docx
docx_math/优质解析：河北省衡水中学2016届高三下学期第六次调研考试（A）数学（理）试题（原卷版）.docx,2196.docx
docx_math/优质解析：河北省衡水中学2016届高三下学期一模考试数学（理）试题（解析版）.docx,2197.docx
docx_math/优质解析：河北省衡水中学2016届高三下学期一模考试数学（理）试题（原卷版）.docx,2198.docx
docx_math/优质解析：河北省衡水中学2017届高三上学期第三次调研考数学（理）试题（解析版）.docx,2199.docx
docx_math/优质解析：河北省衡水中学2017届高三上学期第三次调研考数学（理）试题（原卷版）.docx,2200.docx
docx_math/优质解析：河北省衡水中学2017届高三上学期摸底联考（全国卷）数学（理）试题（解析版）.docx,2201.docx
docx_math/优质解析：河北省衡水中学2017届高三上学期摸底联考（全国卷）数学（理）试题（原卷版）.docx,2202.docx
docx_math/优质解析：河北省衡水中学2017届高三上学期四调考试数学（理）试题（解析版）.docx,2203.docx
docx_math/优质解析：河北省衡水中学2017届高三上学期四调考试数学（理）试题（原卷版）.docx,2204.docx
docx_math/优质解析：河北省衡水中学2017届高三上学期五调（12月）数学（理）试题（解析版）.docx,2205.docx
docx_math/优质解析：河北省衡水中学2017届高三上学期五调（12月）数学（理）试题（原卷版）.docx,2206.docx
docx_math/优质解析：河北省衡水中学2017届高三上学期一调考试数学（理）试题（解析版）.docx,2207.docx
docx_math/优质解析：河北省衡水中学2017届高三上学期一调考试数学（理）试题（原卷版）.docx,2208.docx
docx_math/云南省2017年中考数学试题（含解析）.docx,2214.docx
"docx_math/浙江省杭州市2017年中考数学试题（图片版,含答案）.docx",2224.docx
docx_math/浙江省湖州市2017年中考数学试卷（解析版）.docx,2225.docx
"docx_math/浙江省金华市2017年中考数学试题（word版,含答案）.docx",2226.docx
docx_math/浙江省丽水市2017年中考数学试卷（解析版）.docx,2227.docx
"docx_math/浙江省宁波市2017中考数学试题（图片版,含答案）.docx",2228.docx
"docx_math/浙江省绍兴市2017年中考数学试题（扫描版,含答案）.docx",2229.docx
docx_math/浙江省义乌市2017年中考数学试题（含解析）.docx,2230.docx
docx_math/浙江省义乌市2018年中考数学试卷（Word版，有答案）.docx,2231.docx
docx_math/中学九年级（下）入学数学试卷（解析版）.docx,2237.docx
docx_math/重庆A卷-扫描答案.docx,2239.docx
docx_math/重庆B卷-word解析.docx,2240.docx
"docx_math/重庆市2017年中考数学试题（A卷,word版,含答案）.docx",2241.docx
"docx_math/重庆市2017中考数学试题（B卷,扫描版,含答案）.docx",2242.docx
docx_math/最新北师大版二年级数学下册21全套试卷附完整答案.docx,2244.docx
docx_math/最新北师大版六年级数学下册全套试卷22套附完整答案（.docx,2245.docx
docx_math/最新北师大版三年级数学下册全套22套试卷附完整答案.docx,2246.docx
docx_math/最新北师大版四年级数学下册全套试卷22份附完整答案.docx,2247.docx
docx_math/最新北师大版五年级数学下册全套22份试卷附完整答案.docx,2248.docx
docx_math/最新北师大版一年级数学下册全套试卷22套附完整答案（网资源）.docx,2249.docx
